cloneId	readCount	readFraction	targetSequences	targetQualities	allVHitsWithScore	allDHitsWithScore	allJHitsWithScore	allCHitsWithScore	allVAlignments	allDAlignments	allJAlignments	allCAlignments	nSeqCDR3	minQualCDR3	aaSeqCDR3	refPoints
15	3.0	0.013574660633484163	TGTGCGAGAGATTCTACAGTAACTACAAACTACTATTACTACGGTATGGACGTCTGG	IIIIIIIIIIIIIIIIIIIIIIIIIIIIIIIIIIIIIIIIIIIIIIIIIIIIIIIII	IGHV4-59*00(833)	IGHD4-11*00(65),IGHD4-4*00(65)	IGHJ6*00(268)	IGHM*00(255)	439|451|470|0|12||60.0	19|32|48|13|26||65.0;19|32|48|13|26||65.0	23|52|83|28|57|SC30T|129.0		TGTGCGAGAGATTCTACAGTAACTACAAACTACTATTACTACGGTATGGACGTCTGG	40	CARDSTVTTNYYYYGMDVW	:::::::::0:1:12:13:-3:0:26:28:-3:57:::
16	3.0	0.013574660633484163	TGTGCGAGAGATCGCTATTGTAGTAGTACCAGCTGCTATACTCACAACTGGTTCGACCCCTGG	IIIIIIIIIIIIIIIIIIIIIIIIIIIIIIIIIIIIIIIIIIIIIIIIIIIIIIIIIIIIIII	IGHV3-33*00(480)	IGHD2-2*00(120)	IGHJ5*00(120)	IGHM*00(750)	442|455|473|0|13||65.0	35|59|93|15|39||120.0	20|40|71|43|63||100.0		TGTGCGAGAGATCGCTATTGTAGTAGTACCAGCTGCTATACTCACAACTGGTTCGACCCCTGG	40	CARDRYCSSTSCYTHNWFDPW	:::::::::0:2:13:15:-4:-3:39:43:0:63:::
27	3.0	0.013574660633484163	TATACCAGAGGCAGTAGGCTATGATAGTAGTGGTATCGAAATGGACGTCTGG	IIIIIIIIIIIIIIIIIIIIIIIIIIIIIIIIIIIIIIIIIIIIIIIIIIII	IGHV3-65*00(748)	IGHD3-22*00(80)	IGHJ6*00(199)	IGHM*00(260)	449|459|519|0|10||50.0	37|53|93|18|34||80.0	40|52|83|40|52||60.0		TATACCAGAGGCAGTAGGCTATGATAGTAGTGGTATCGAAATGGACGTCTGG	40	YTRGSRL**_SGIEMDVW	:::::::::0:-40:10:18:-6:-9:34:40:-20:52:::
47	2.0	0.00904977375565611	TGTGTGAAAGATGGTATAGCAGCTCGGGTCCTTGATGCTTTTGATATCTGG	I9IIIIIIIIIIIIIIIIIIIIIIIIIIIIIIIIIIIIIIIIIIIIIIIII	IGHV3-64*00(981)	IGHD6-6*00(65)	IGHJ3*00(250)		442|454|473|0|12|SC446TSG449A|28.0	20|33|54|13|26||65.0	20|39|70|32|51||95.0		TGTGTGAAAGATGGTATAGCAGCTCGGGTCCTTGATGCTTTTGATATCTGG	24	CVKDGIAARVLDAFDIW	:::::::::0:1:12:13:-2:-3:26:32:0:51:::
58	2.0	0.00904977375565611	TGTGCGAGCCCCTTCCAGAGGAACTCTGTTGGGTACTGG	IIIIIIIIIIIIIIIIIIIIIIIIIIIIIIIIIIIIIII	IGHV3-48*00(250)	IGHD1-1*00(30),IGHD1-20*00(30),IGHD1-7*00(30)	IGHJ4*00(185)	IGHM*00(260)	442|450|473|0|8||40.0	4|10|51|12|18||30.0;4|10|51|12|18||30.0;4|10|51|12|18||30.0	31|37|68|33|39||30.0		TGTGCGAGCCCCTTCCAGAGGAACTCTGTTGGGTACTGG	40	CASPFQRNSVGYW	:::::::::0:-3:8:12:13:-24:18:33:-11:39:::
59	2.0	0.00904977375565611	TGTGCGAGATATGATAGTACTGGTCGATTCTTTGACTACTGG	IIIIIIIIIIIIIIIIIIIIIIIIIIIIIIIIIIIIIIIIII	IGHV3-30-3*00(155),IGHV3-66*00(155)	IGHD3-22*00(59)	IGHJ4*00(220)	IGHM*00(840)	442|451|473|0|9||45.0;439|448|470|0|9||45.0	38|53|93|9|24|SG48C|59.0	24|37|68|29|42||65.0		TGTGCGAGATATGATAGTACTGGTCGATTCTTTGACTACTGG	40	CARYDSTGRFFDYW	:::::::::0:-2:9:9:-7:-9:24:29:-4:42:::
60	2.0	0.00904977375565611	TGTGCGAGACGGACTTTTAGTTCAGCAGCTGGGCCCGTGTACTTTGACTACTGG	IIIIIIIIIIIIIIIIIIIIIIIIIIIIIIIIIIIIIIIIIIIIIIIIIIIIII	IGHV5-51*00(572)	IGHD6-13*00(50),IGHD2-2*00(45)	IGHJ4*00(230)	IGHM*00(475)	442|452|473|0|10||50.0	29|39|63|22|32||50.0;5|14|93|23|32||45.0	22|37|68|39|54||75.0		TGTGCGAGACGGACTTTTAGTTCAGCAGCTGGGCCCGTGTACTTTGACTACTGG	40	CARRTFSSAAGPVYFDYW	:::::::::0:-1:10:22:-8:-3:32:39:-2:54:::
61	2.0	0.00904977375565611	TGTGCGAGACGGACAGCTGGAACGATGTGGGACTTCTGG	IIIIIIIIIIIIIIIIIIIIIIIIIIIIIIIIIIIIIII	IGHV4-39*00(308.5)	IGHD1-1*00(49),IGHD1-20*00(45)	IGHJ4*00(168)	IGHA2*00(285)	445|455|476|0|10||50.0	20|33|51|12|25|SA23G|49.0;24|33|51|16|25||45.0	28|37|68|30|39|SA32T|29.0		TGTGCGAGACGGACAGCTGGAACGATGTGGGACTTCTGG	40	CARRTAGTMWDFW	:::::::::0:-1:10:12:-3:-1:25:30:-8:39:::
62	2.0	0.00904977375565611	TGTGCGAGAGTGGGATATAGTGGCTACGATTTTTCCCAAGGGTGGTTCGACCCCTGG	IIIIIIIIIIIIIIIIIIIIIIIIIIIIIIIIIIIIIIIIIIIIIIIIIIIIIIIII	IGHV1-18*00(105),IGHV1-2*00(105),IGHV1-69*00(105),IGHV3-53*00(105),IGHV4-4*00(105)	IGHD5-12*00(95),IGHD5-18*00(85)	IGHJ5*00(230)	IGHM*00(247)	442|452|473|0|10||50.0;442|452|473|0|10||50.0;442|452|473|0|10||50.0;439|449|470|0|10||50.0;442|452|473|0|10||50.0	25|44|69|12|31||95.0;27|44|69|14|31||85.0	25|40|71|42|57||75.0		TGTGCGAGAGTGGGATATAGTGGCTACGATTTTTCCCAAGGGTGGTTCGACCCCTGG	40	CARVGYSGYDFSQGWFDPW	:::::::::0:-1:10:12:-2:-2:31:42:-5:57:::
63	2.0	0.00904977375565611	TGTGCGAGAGCTAGACATCCGGGTATAGCAGCAGCTGGTACGTCGGTCTGGTTCGACCCCTGG	IIIIIIIIIIIIIIIIIIIIII9IIIIIIIIIIIIIIIIIIIIIIIIIIIIIIIIIIIIIIII	IGHV4-59*00(931)	IGHD6-13*00(125)	IGHJ5*00(235)	IGHM*00(125)	439|449|470|0|10||50.0	19|44|63|18|43||125.0	24|40|71|47|63||80.0		TGTGCGAGAGCTAGACATCCGGGTATAGCAGCAGCTGGTACGTCGGTCTGGTTCGACCCCTGG	24	CARARHPGIAAAGTSVWFDPW	:::::::::0:-1:10:18:2:2:43:47:-4:63:::
64	2.0	0.00904977375565611	TGTGCGAGAGCGAATGTAGTAGTACCAGCTGCTAAGGGTTCTTACTACTACTACTACGGTATGGACGTCTGG	IIIIIIIIIIIIIIIIIIIIIIIIIIIIIIIIIIIIIIIIIIIIIIIIIIIIIIIIIIIIIIIIIIIIIIII	IGHV1-69*00(1052)	IGHD2-2*00(100)	IGHJ6*00(285)		442|452|473|0|10||50.0	38|58|93|14|34||100.0	21|52|83|41|72||155.0		TGTGCGAGAGCGAATGTAGTAGTACCAGCTGCTAAGGGTTCTTACTACTACTACTACGGTATGGACGTCTGG	40	CARANVVVPAAKGSYYYYYGMDVW	:::::::::0:-1:10:14:-7:-4:34:41:-1:72:::
65	2.0	0.00904977375565611	TGTGCGAGAGGTTTGGGGGAGTACCAGCTGCTATTTTCGGCGGGCGAGGGCCCAGGCATATTTGACTACTGG	IIIIIIIIIIIIIIIIIIIIIIIIIIIIIIIIIIIIIIIIIIIIIIIIIIIIIIIIIIIIIIIIIIIIIIII	IGHV3-33*00(1148)	IGHD2-2*00(75)	IGHJ4*00(70)		442|452|473|0|10||50.0	44|59|93|19|34||75.0	25|37|68|60|72||60.0		TGTGCGAGAGGTTTGGGGGAGTACCAGCTGCTATTTTCGGCGGGCGAGGGCCCAGGCATATTTGACTACTGG	40	CARGLGEYQLLFSAGEGPGIFDYW	:::::::::0:-1:10:19:-13:-3:34:60:-5:72:::
66	2.0	0.00904977375565611	TGTGCGAGAGGACATTGTACTAGTACCAGCTGTTATCATCCACTTGTCCTGGACTACTGG	IIIIIIIIIIIIIIIIIIIIIIIIIIIIIIIIIIIIIIIIIIIIIIIIIIIIIIIIIIII	IGHV3-48*00(235)	IGHD2-2*00(83)	IGHJ4*00(200)	IGHA1*00(142.5)	442|452|473|0|10||50.0	36|59|93|13|36|SG42CSC55T|83.0	28|37|68|51|60||45.0		TGTGCGAGAGGACATTGTACTAGTACCAGCTGTTATCATCCACTTGTCCTGGACTACTGG	40	CARGHCTSTSCYHPLVLDYW	:::::::::0:-1:10:13:-5:-3:36:51:-8:60:::
67	2.0	0.00904977375565611	TGTGCGAGAGATTCATATGATAGTAGTGGTTATAGTATCTGG	IIIIIIIIIIIIIIIIIIIIIIIII9IIIIIIIIIIIIIIII	IGHV4-59*00(1125)	IGHD3-22*00(90)	IGHJ3*00(182)	IGHM*00(70)	439|451|470|0|12||60.0	38|56|93|15|33||90.0	32|39|70|35|42||35.0		TGTGCGAGAGATTCATATGATAGTAGTGGTTATAGTATCTGG	24	CARDSYDSSGYSIW	:::::::::0:1:12:15:-7:-6:33:35:-12:42:::
68	2.0	0.00904977375565611	TGTGCGAGAGATCTTTATGGGGTCCCCGAGGATGCTTTTGATATCTGG	IIIII9IIIIIIIIIIIIIIIIIIIIIIIIIIIIIIIIIIIIIIIIII	IGHV4-59*00(1099)	IGHD7-27*00(29),IGHD3-16*00(25),IGHD5-5*00(25)	IGHJ3*00(245)	IGHM*00(60)	439|453|470|0|14||70.0	18|27|33|18|27|SA21G|29.0;14|19|111|22|27||25.0;31|36|60|15|20||25.0	21|39|70|30|48||90.0		TGTGCGAGAGATCTTTATGGGGTCCCCGAGGATGCTTTTGATATCTGG	24	CARDLYGVPEDAFDIW	:::::::::0:3:14:18:-7:5:27:30:-1:48:::
69	2.0	0.00904977375565611	TGTGCGAGAGATCGGGCGAAAACGTATTACTATGATAGTAGTGGTTTACATGCTTTTGATATCTGG	IIIIIIIIIIIIIIIIIIIIIIIIIIIIIIIIIIIIIIIIIIIIIIIIIIIIIIIIIIIIIIIIII	IGHV4-31*00(947)	IGHD3-22*00(125)	IGHJ3*00(240)	IGHM*00(117)	445|458|476|0|13||65.0	29|54|93|21|46||125.0	22|39|70|49|66||85.0		TGTGCGAGAGATCGGGCGAAAACGTATTACTATGATAGTAGTGGTTTACATGCTTTTGATATCTGG	40	CARDRAKTYYYDSSGLHAFDIW	:::::::::0:2:13:21:2:-8:46:49:-2:66:::
70	2.0	0.00904977375565611	TGTGCGAGAGATGCGTATAGCAGTGGTTATAATGCTTTTGATATCTGG	IIIIIIIIIIIIIIIIIIIIIIIIIIIIIIIIIIIIIIIIIIIIIIII	IGHV3-21*00(182.5),IGHV3-7*00(182.5)	IGHD6-19*00(60),IGHD3-22*00(54)	IGHJ3*00(240)	IGHM*00(826)	442|454|473|0|12||60.0;442|454|473|0|12||60.0	23|35|63|14|26||60.0;42|56|93|16|30|ST46C|54.0	22|39|70|31|48||85.0		TGTGCGAGAGATGCGTATAGCAGTGGTTATAATGCTTTTGATATCTGG	40	CARDAYSSGYNAFDIW	:::::::::0:1:12:14:-2:-7:26:31:-2:48:::
71	2.0	0.00904977375565611	TGTGCGAGAGATACTGGTATAACTGGAACTACGGCGGACTACTGG	IIIIIIIIIIIIIIIIIIIIIIIIIIIIIIIIIIIIIIIIIIIII	IGHV3-48*00(365)	IGHD1-7*00(90)	IGHJ4*00(200)	IGHM*00(750)	442|454|473|0|12||60.0	17|35|51|15|33||90.0	28|37|68|36|45||45.0		TGTGCGAGAGATACTGGTATAACTGGAACTACGGCGGACTACTGG	40	CARDTGITGTTADYW	:::::::::0:1:12:15:0:1:33:36:-8:45:::
72	2.0	0.00904977375565611	TGTGCGAGAGACCCCCCGCCAATAGCAGTGGCTGGTTCCTACGGTATGGACGTCTGG	IIIIIIIIIIIIIIIIIIIIIIIIIIIIIIIIIIIIIIIIIIIIIIIIIIIIIIIII	IGHV1-69*00(365)	IGHD6-19*00(75)	IGHJ6*00(250)	IGHM*00(480)	442|453|473|0|11||55.0	25|40|63|21|36||75.0	33|52|83|38|57||95.0		TGTGCGAGAGACCCCCCGCCAATAGCAGTGGCTGGTTCCTACGGTATGGACGTCTGG	40	CARDPPPIAVAGSYGMDVW	:::::::::0:0:11:21:-4:-2:36:38:-13:57:::
73	2.0	0.00904977375565611	TGTGCGAGAGAAGGACATTGTACTACTTCCAGCTGCTATGAGCACTACTACTACGGTCTGGACGTCTGG	IIIIIIIIIIIIIIIIIIIIIIIIIIIIIIIIIIIIIIIIIIIIIIIIIIIIIIIIIIIIIIIIIIIII	IGHV4-59*00(639),IGHV4-61*00(639)	IGHD2-2*00(81)	IGHJ6*00(269)	IGHM*00(260)	439|450|470|0|11||55.0;445|456|476|0|11||55.0	31|60|93|11|40|ST35CSG42CSG45CSA47T|81.0	26|52|83|43|69|SA40C|114.0		TGTGCGAGAGAAGGACATTGTACTACTTCCAGCTGCTATGAGCACTACTACTACGGTCTGGACGTCTGG	40	CAREGHCTTSSCYEHYYYGLDVW	:::::::::0:0:11:11:0:-2:40:43:-6:69:::
74	2.0	0.00904977375565611	TGTGCGAGAAGCACAATGCAGTGGCTGGTACCAAGTAGCCATGATGCTTTTGATATCTGG	IIIIIIIIIIIIIIIIIIIIIIIIIIIIIIIIIIIIIIIIIIIIIIIIIIIIIIIIIIII	IGHV3-53*00(350)	IGHD6-19*00(70)	IGHJ3*00(260)		439|448|470|0|9||45.0	28|42|63|17|31||70.0	18|39|70|39|60||105.0		TGTGCGAGAAGCACAATGCAGTGGCTGGTACCAAGTAGCCATGATGCTTTTGATATCTGG	40	CARSTMQWLVPSSHDAFDIW	:::::::::0:-2:9:17:-7:0:31:39:2:60:::
75	2.0	0.00904977375565611	TGTGCGAAAGATCTCCCATCTACAGCTATGGTACTTTACTACTTTGACTACTGG	IIIIIIIIIIIIIIIIIIIIIIIIIIIIIIIIIIIIIIIIIIIIIIIIIIIIII	IGHV3-23*00(1220)	IGHD5-5*00(60)	IGHJ4*00(170)		442|456|473|0|14||70.0	25|37|60|20|32||60.0	19|37|68|36|54||90.0		TGTGCGAAAGATCTCCCATCTACAGCTATGGTACTTTACTACTTTGACTACTGG	40	CAKDLPSTAMVLYYFDYW	:::::::::0:3:14:20:-5:-3:32:36:1:54:::
76	2.0	0.00904977375565611	TGTGCGAAAGACTACGATTTTTGGAGTGGTTACCACGTCGGCTACTACTACGGTATGGACGTCTGG	IIIIIIIIIIIIIIIIIIIIIIIIIIIIIIIIIIIIIIIIIIIIIIIIIIIIIIIIIIIIIIIIII	IGHV3-30*00(812),IGHV3-30-5*00(812)	IGHD3-3*00(100)	IGHJ6*00(280)	IGHM*00(145)	442|453|473|0|11||55.0;442|453|473|0|11||55.0	35|55|93|12|32||100.0	27|52|83|41|66||125.0		TGTGCGAAAGACTACGATTTTTGGAGTGGTTACCACGTCGGCTACTACTACGGTATGGACGTCTGG	40	CAKDYDFWSGYHVGYYYGMDVW	:::::::::0:0:11:12:-4:-7:32:41:-7:66:::
77	2.0	0.00904977375565611	TGTGCACGGATACGAGGCAGCTATGGTATGTTTGG	IIIIIIIIIIIIIIIIIIIIIIIIIIIIIIIIIII	IGHV2-70*00(525),IGHV2-70D*00(525)	IGHD5-5*00(50)	IGHJ4*00(135),IGHJ5*00(135)		445|459|478|0|14||70.0;421|435|454|0|14||70.0	27|37|60|17|27||50.0	34|37|68|32|35||15.0;37|40|71|32|35||15.0		TGTGCACGGATACGAGGCAGCTATGGTATGTTTGG	40	CARIRG_LWYVW	:::::::::0:1:14:17:-7:-3:27:32:-14:35:::
79	2.0	0.00904977375565611	TGTGCAAGAGATCGTGCACCCTTTGGGAGGAACTCTGCTTTTGATATCTGG	IIIIIIIIIIIIIIIIIIIIIIIIIIIIIIIIIIIIIIIIIIIIIIIIIII	IGHV6-1*00(220)	IGHD1-26*00(30),IGHD1-7*00(30),IGHD3-16*00(30)	IGHJ3*00(219)	IGHM*00(255)	454|467|485|0|13||65.0	27|33|60|23|29||30.0;26|32|51|28|34||30.0;51|57|111|21|27||30.0	23|39|70|35|51||80.0		TGTGCAAGAGATCGTGCACCCTTTGGGAGGAACTCTGCTTTTGATATCTGG	40	CARDRAPFGRNSAFDIW	:::::::::0:2:13:23:-7:-7:29:35:-3:51:::
80	2.0	0.00904977375565611	TGTGCAAGAGAGAGAGACTGGGCAGGAACGGACTCCTGG	IIIIIIIIIIIIIIIIIIIIIIIIIIIIIIIIIIIIIII	IGHV6-1*00(308)	IGHD1-1*00(30),IGHD3-9*00(30),IGHD7-27*00(30)	IGHJ4*00(152),IGHJ5*00(152)	IGHA1*00(244)	454|465|485|0|11||55.0	26|32|51|24|30||30.0;46|52|93|15|21||30.0;14|20|33|16|22||30.0	28|37|68|30|39|SA32C|29.0;31|40|71|30|39|SC34T|29.0		TGTGCAAGAGAGAGAGACTGGGCAGGAACGGACTCCTGG	40	CARERDWAGTDSW	:::::::::0:0:11:24:-9:-2:30:30:-8:39:::
83	2.0	0.00904977375565611	TGTACCACAGATCTTCCGAGATCTGCAGCCATGGCCCTTGACTACTGG	IIIIIIIIIIIIIIIIIIIIIIIIIIIIIIIIIIIIIIIIIIIIIIII	IGHV3-15*00(204)	IGHD5-24*00(30),IGHD6-19*00(30),IGHD5-5*00(29)	IGHJ4*00(194)	IGHM*00(515)	448|462|479|0|14||70.0	8|14|60|26|32||30.0;4|10|63|25|31||30.0;27|36|60|25|34|ST31C|29.0	26|37|68|37|48||55.0		TGTACCACAGATCTTCCGAGATCTGCAGCCATGGCCCTTGACTACTGG	40	CTTDLPRSAAMALDYW	:::::::::0:3:14:26:12:-26:32:37:-6:48:::
249	1.0	0.004524886877828055	TGTGTTTACACGTATAGCAGTGGCTGGGGCTTTGACTACTGG	IIIIIIIIIIIIIIIIIIIIIIIIIIIIIIIIIIIIIIIIII	IGHV4-39*00(237)	IGHD6-19*00(80)	IGHJ4*00(220)		445|449|476|0|4||20.0	23|39|63|11|27||80.0	24|37|68|29|42||65.0		TGTGTTTACACGTATAGCAGTGGCTGGGGCTTTGACTACTGG	40	CVYTYSSGWGFDYW	:::::::::0:-7:4:11:-2:-3:27:29:-4:42:::
252	1.0	0.004524886877828055	TGTGTCAGCGGGGCAGACGGGAACTTTTATTGGTTCGACCCCTGG	IIII9IIIIIIIIIIIIIIIIIIIIIIIIIIIIIIIIIIIIII9I	IGHV5-51*00(621)	IGHD1-7*00(30),IGHD6-25*00(30)	IGHJ5*00(214)	IGHA1*00(200)	442|446|473|0|4||20.0	26|32|51|19|25||30.0;26|32|54|5|11||30.0	25|40|71|30|45||75.0		TGTGTCAGCGGGGCAGACGGGAACTTTTATTGGTTCGACCCCTGG	24	CVSGADGNFYWFDPW	:::::::::0:-7:4:19:-9:-2:25:30:-5:45:::
253	1.0	0.004524886877828055	TGTGTCAAGAGTTGGGATTGTGGTAGTTTCAGTTGCTCATACTACTACGGTATGGACGTCTGG	IIIIIIIIIIIIIIIIIIIIIIIIIIIIIIIIIIIIIIIIIIIIIIIIIIIIIIIIIIIIIII	IGHV1-18*00(436)	IGHD1-7*00(44),IGHD2-2*00(41),IGHD2-21*00(40)	IGHJ6*00(275)	IGHG1*00(220)	442|446|473|0|4||20.0	0|12|51|22|34|SC6T|44.0;36|57|93|16|37|SA41GSA47TSC48TSC52T|41.0;33|41|84|16|24||40.0	28|52|83|39|63||120.0		TGTGTCAAGAGTTGGGATTGTGGTAGTTTCAGTTGCTCATACTACTACGGTATGGACGTCTGG	40	CVKSWDCGSFSCSYYYGMDVW	:::::::::0:-7:4:22:17:-22:34:39:-8:63:::
255	1.0	0.004524886877828055	TGTGTGCGACATCCTGGGGCCTCTTTTGACTCCTGG	I9IIIIIIIIIIIIIIIIIIIIIIIIIIIIIIII9I	IGHV4-59*00(919)	IGHD7-27*00(30)	IGHJ4*00(81)		439|443|470|0|4||20.0	15|21|33|13|19||30.0	25|37|68|24|36|SA32C|44.0		TGTGTGCGACATCCTGGGGCCTCTTTTGACTCCTGG	24	CVRHPGASFDSW	:::::::::0:-7:4:13:-4:-1:19:24:-5:36:::
262	1.0	0.004524886877828055	TGTGTGAGTCCTTGTATTACCACCCAGTGG	IIIIIIIIIIIIIIIIIIIIIIIIIIIIII	IGHV3-7*00(626)	IGHD4-23*00(40),IGHD3-3*00(35),IGHD3-9*00(35)	IGHJ4*00(170),IGHJ5*00(170)	IGHM*00(285)	442|450|473|0|8|SC446T|24.0	4|12|57|16|24||40.0;31|38|93|13|20||35.0;31|38|93|13|20||35.0	34|37|68|27|30||15.0;37|40|71|27|30||15.0		TGTGTGAGTCCTTGTATTACCACCCAGTGG	40	CVSPCITTQW	:::::::::0:-3:8:16:15:-26:24:27:-14:30:::
263	1.0	0.004524886877828055	TGTGTGAGATACGAGGCTGGAACTACGCAGGACTTCTGG	II9IIIIIII9IIIIIIIIIIIIIIIIIIIIIIIIIIII	IGHV4-39*00(1113)	IGHD1-7*00(55)	IGHJ1*00(145)		445|454|476|0|9|SC449T|29.0	24|35|51|16|27||55.0	37|41|72|35|39||20.0		TGTGTGAGATACGAGGCTGGAACTACGCAGGACTTCTGG	24	CVRYEAGTTQDFW	:::::::::0:-2:9:16:-7:1:27:35:-17:39:::
264	1.0	0.004524886877828055	TGTGTAAGAGATTTGACATACTGTCCTGCTGGTAAATGTCCTTACTTTGACTTCTGG	IIIIIIIIIIIIIIIIIIIIIIIIIIIIIIIIIIIIIIIII9IIIIIIIIIIIIIII	IGHV3-74*00(813)	IGHD2-2*00(35),IGHD6-13*00(35),IGHD6-19*00(35)	IGHJ4*00(153)		442|454|473|0|12|SC446T|44.0	9|16|93|27|34||35.0;34|41|63|27|34||35.0;34|41|63|27|34||35.0	22|37|68|42|57|SA32T|59.0		TGTGTAAGAGATTTGACATACTGTCCTGCTGGTAAATGTCCTTACTTTGACTTCTGG	24	CVRDLTYCPAGKCPYFDFW	:::::::::0:1:12:27:22:-46:34:42:-2:57:::
282	1.0	0.004524886877828055	TGTGCTAGCGCCGTAGTACCAGCTGCTATCGAAGCCCTACTACTACATGGACGTCTGG	IIIIIIIIIIIIIIIIIIIIIIIIIIIIIIIIIIIIIIIIIIIIIIIIIIIIIIIIII	IGHV3-72*00(265)	IGHD2-2*00(85)	IGHJ6*00(201)	IGHM*00(514)	448|456|479|0|8||40.0	42|59|93|12|29||85.0	30|52|83|36|58|SG37TSG38AST39C|62.0		TGTGCTAGCGCCGTAGTACCAGCTGCTATCGAAGCCCTACTACTACATGGACGTCTGG	40	CASAVVPAAI_KPYYYMDVW	:::::::::0:-3:8:12:-11:-3:29:36:-10:58:::
288	1.0	0.004524886877828055	TGTGCCGATCTTCGTAACAACTGGTTCGACCCCTGG	IIIIIIIIIIIIIIIIIIIIIIIIIIIIIIIIIIII	IGHV1-69*00(370)	IGHD3-3*00(25),IGHD3-9*00(25),IGHD5-12*00(25)	IGHJ5*00(255)	IGHM*00(820)	442|447|473|0|5||25.0	22|27|93|11|16||25.0;22|27|93|11|16||25.0;4|9|69|11|16||25.0	20|40|71|16|36||100.0		TGTGCCGATCTTCGTAACAACTGGTTCGACCCCTGG	40	CADLRNNWFDPW	:::::::::0:-6:5:11:9:-35:16:16:0:36:::
307	1.0	0.004524886877828055	TGTGCGTCTGGGCTTGTACCAGCTGCATGCGACTACTGG	IIIIIIIIIIIIIIIIIIIIIIIIIIIIIIIIIIIIIII	IGHV1-69*00(241),IGHV1-8*00(241),IGHV1-24*00(236),IGHV1-69-2*00(236)	IGHD2-2*00(55),IGHD6-13*00(55)	IGHJ4*00(200)	IGHM*00(86)	442|448|473|0|6||30.0;442|448|473|0|6||30.0;442|447|473|0|5||25.0;362|367|393|0|5||25.0	45|56|93|15|26||55.0;0|11|63|15|26||55.0	28|37|68|30|39||45.0		TGTGCGTCTGGGCTTGTACCAGCTGCATGCGACTACTGG	40	CASGLVPAACDYW	:::::::::0:-5:6:15:-14:-6:26:30:-8:39:::
308	1.0	0.004524886877828055	TGTGCGCACAGACGATTGGAGGGAATGAGTTTGGTGACTACGGGGTTTGACCACTGG	IIIIIIIIIIIIIIIIIIIIIIIIIIIIIIIIIIIIIIIIIIIIIIIIIIIIIIIII	IGHV2-5*00(199)	IGHD4-17*00(50),IGHD4-23*00(45)	IGHJ1*00(153)	IGHG1*00(170),IGHG2*00(170),IGHG4*00(170)	445|459|478|0|14|SA450G|54.0	23|33|48|32|42||50.0;19|28|57|34|43||45.0	35|41|72|51|57||30.0	;;	TGTGCGCACAGACGATTGGAGGGAATGAGTTTGGTGACTACGGGGTTTGACCACTGG	40	CAHRRLEGMSLVTTGFDHW	:::::::::0:1:14:32:-7:1:42:51:-15:57:::
309	1.0	0.004524886877828055	TGTGCGCAATCCGGCCCCCCATATTACAGTTTTTGGAGTGGTCATTATGAATACTTCCAAAAGTGG	IIIIIIIIIIIIIIIIIIIIIIIIIIIIIIIIIIIIIIIIIIIIIIIIIIIIIIIIIIIIIIIIII	IGHV1-2*00(777)	IGHD3-3*00(82)	IGHJ1*00(150)		442|448|473|0|6||30.0	32|58|93|21|47|SG38ASA39GST53C|82.0	22|41|72|47|66|SG34ASC35ASC37G|47.0		TGTGCGCAATCCGGCCCCCCATATTACAGTTTTTGGAGTGGTCATTATGAATACTTCCAAAAGTGG	40	CAQSGPPYYSFWSGHYEYFQKW	:::::::::0:-5:6:21:-1:-4:47:47:-2:66:::
310	1.0	0.004524886877828055	TGTGCGCAATATCTTGCGGGAACTATAAGACATCAGTGG	IIIIIIIIIIIIIIIIIIIIIIIIIIIIIIIIIIIIIII	IGHV4-39*00(425)	IGHD1-7*00(35),IGHD2-15*00(35),IGHD2-2*00(35)	IGHJ4*00(154),IGHJ5*00(154)	IGHA1*00(560)	445|451|476|0|6||30.0	26|33|51|18|25||35.0;22|29|93|6|13||35.0;22|29|93|6|13||35.0	34|37|68|36|39||15.0;37|40|71|36|39||15.0		TGTGCGCAATATCTTGCGGGAACTATAAGACATCAGTGG	40	CAQYLAGTIRHQW	:::::::::0:-5:6:18:-9:-1:25:36:-14:39:::
311	1.0	0.004524886877828055	TGTGCGGCGGGGTTCGGGGAGTTGTACTACTACTACGGTATGGACGTCTGG	IIIIIIIIII9IIIIIIIIIIIIIIIIII9IIIIIIIIIIIIIIIIIIIII	IGHV1-58*00(135)	IGHD3-10*00(49)	IGHJ6*00(290)	IGHD*00(979)	442|450|473|0|8||40.0	41|54|93|10|23|SA46G|49.0	25|52|83|24|51||135.0		TGTGCGGCGGGGTTCGGGGAGTTGTACTACTACTACGGTATGGACGTCTGG	24	CAAGFGELYYYYGMDVW	:::::::::0:-3:8:10:-10:-8:23:24:-5:51:::
313	1.0	0.004524886877828055	TGTGCGGGATGGGTGGCTGGTACAATGCAGGACAAGTGG	IIIIIIIIIIIIIIIIIIIIIIIIIIIIIIIIIIIIIII	IGHV4-39*00(354)	IGHD6-19*00(55)	IGHJ4*00(170),IGHJ5*00(170)	IGHA2*00(490)	445|451|476|0|6||30.0	31|42|63|12|23||55.0	34|37|68|36|39||15.0;37|40|71|36|39||15.0		TGTGCGGGATGGGTGGCTGGTACAATGCAGGACAAGTGG	40	CAGWVAGTMQDKW	:::::::::0:-5:6:12:-10:0:23:36:-14:39:::
314	1.0	0.004524886877828055	TGTGCGGATGGGCTAGGTGCGACCATCTTCGGGAGCGCTTTTGGTATCTGG	IIIIIIIIIIIIIIIIII9IIIIIIIIIIIIIIIIIIIIIIIIIIIIIIII	IGHV3-23*00(826)	IGHD1-26*00(30),IGHD5-24*00(30)	IGHJ3*00(214)	IGHA1*00(230)	442|448|473|0|6||30.0	28|34|60|30|36||30.0;10|16|60|22|28||30.0	24|39|70|36|51|SA31G|59.0		TGTGCGGATGGGCTAGGTGCGACCATCTTCGGGAGCGCTTTTGGTATCTGG	24	CADGLGATIFGSAFGIW	:::::::::0:-5:6:30:-8:-6:36:36:-4:51:::
315	1.0	0.004524886877828055	TGTGCGACCCCATCTCGCGGCATTCATTACGGTTTGGACGTCTGG	IIIIIIIIIIIIIIIIIIIIIIIIIIIIIIIIIIIIIIIIIIIII	IGHV5-51*00(101)	IGHD5-24*00(35),IGHD2-2*00(30)	IGHJ6*00(213)	IGHA1*00(212)	442|449|473|0|7||35.0	10|17|60|9|16||35.0;61|67|93|17|23||30.0	34|52|83|27|45|SA40T|74.0		TGTGCGACCCCATCTCGCGGCATTCATTACGGTTTGGACGTCTGG	40	CATPSRGIHYGLDVW	:::::::::0:-4:7:9:10:-23:16:27:-14:45:::
316	1.0	0.004524886877828055	TGTGCGACATACCGTCAATACGGTGAATATGACTACTGG	IIIIIIIIIIIIIIIIIIIIIIIIIIIIIIIIIIIIIII	IGHV3-48*00(554)	IGHD4-17*00(40),IGHD4-23*00(35),IGHD5-18*00(35)	IGHJ4*00(205)	IGHM*00(190)	442|449|473|0|7||35.0	20|28|48|18|26||40.0;23|30|57|18|25||35.0;23|30|69|22|29||35.0	27|37|68|29|39||50.0		TGTGCGACATACCGTCAATACGGTGAATATGACTACTGG	40	CATYRQYGEYDYW	:::::::::0:-4:7:18:-4:-4:26:29:-7:39:::
317	1.0	0.004524886877828055	TGTGCGAGTTCGGGGATAGCAGCGGCTGGTACGAGATACTACTACTACTACGGTATGGACGTCTGG	IIIIIIIIIIIIIIIIIIIIIIIIIIIIIIIIIIIIIIIIII9IIIIIIIIIIIIIIIIIIIIIII	IGHV1-3*00(616)	IGHD6-13*00(83),IGHD6-19*00(83)	IGHJ6*00(305)	IGHG1*00(250)	442|450|473|0|8||40.0	20|43|63|10|33|ST24GSA33G|83.0;20|43|63|10|33|ST24GST32C|83.0	22|52|83|36|66||150.0		TGTGCGAGTTCGGGGATAGCAGCGGCTGGTACGAGATACTACTACTACTACGGTATGGACGTCTGG	24	CASSGIAAAGTRYYYYYGMDVW	:::::::::0:-3:8:10:1:1:33:36:-2:66:::
318	1.0	0.004524886877828055	TGTGCGAGTCTCTCCCGCATCTATGATAGTAGTGGTTACACTTACTGG	IIIIIIIIIIIIIIIIIIIIIIIIIIIIIIIIIIIIIIIIIIIIIIII	IGHV1-69*00(529)	IGHD3-22*00(90)	IGHJ4*00(185)	IGHM*00(525)	442|450|473|0|8||40.0	37|55|93|20|38||90.0	31|37|68|42|48||30.0		TGTGCGAGTCTCTCCCGCATCTATGATAGTAGTGGTTACACTTACTGG	40	CASLSRIYDSSGYTYW	:::::::::0:-3:8:20:-6:-7:38:42:-11:48:::
319	1.0	0.004524886877828055	TGTGCGAGTCTCCTTTCGTATTACGATTTTTGGAGTGGTTATTATAGAGTGAGTAAGGTCTACTGG	IIIIIIIIIIIIIIIIIIIIIIIIIIIIIIIIIIIIIIIIIIIIIIIIIIIIIIIIIIIIIIII9I	IGHV4-39*00(505)	IGHD3-3*00(150)	IGHJ4*00(190)	IGHD*00(240)	445|453|476|0|8||40.0	30|60|93|16|46||150.0	30|37|68|59|66||35.0		TGTGCGAGTCTCCTTTCGTATTACGATTTTTGGAGTGGTTATTATAGAGTGAGTAAGGTCTACTGG	24	CASLLSYYDFWSGYYRVSKVYW	:::::::::0:-3:8:16:1:-2:46:59:-10:66:::
320	1.0	0.004524886877828055	TGTGCGAGTCCTGATTACGATATTTTGACTGGTGATTATTCCGATGCTTTTGATATCTGG	IIIIIIIIIIIIIIIIIIIIIIIIIIIIIIIIIIIIIIIIIIIIIIIIIIIIIIIIIIII	IGHV5-51*00(680)	IGHD3-9*00(114)	IGHJ3*00(245)	IGHM*00(135)	442|450|473|0|8||40.0	33|59|93|13|39|ST53G|114.0	21|39|70|42|60||90.0		TGTGCGAGTCCTGATTACGATATTTTGACTGGTGATTATTCCGATGCTTTTGATATCTGG	40	CASPDYDILTGDYSDAFDIW	:::::::::0:-3:8:13:-2:-3:39:42:-1:60:::
321	1.0	0.004524886877828055	TGTGCGAGTGGGACTACGTATTACGATTTTGTTACCCCCGGAGGGTCAGGGGGTTTTGACTACTGG	IIIIIIIIIIIIIIIIIIIIIIIIIIIIIIIIIIIIIIIIIIIIIIIII9IIIIIIIIIIIIIIII	IGHV4-31*00(350)	IGHD3-3*00(80)	IGHJ4*00(170)	IGHM*00(750)	445|453|476|0|8||40.0	28|44|93|14|30||80.0	25|37|68|54|66||60.0		TGTGCGAGTGGGACTACGTATTACGATTTTGTTACCCCCGGAGGGTCAGGGGGTTTTGACTACTGG	24	CASGTTYYDFVTPGGSGGFDYW	:::::::::0:-3:8:14:3:-18:30:54:-5:66:::
322	1.0	0.004524886877828055	TGTGCGAGTGAGGGATATTGTAGTGGTGGTAGCTGCTACGGGGGTATGGTGGACTACTGG	IIIIIIIIIIIIIIIIIIIIIIIIII=IIIIIIIIIIIIIIIIIIIIIIIIIIIIIIIII	IGHV4-39*00(400)	IGHD2-15*00(135)	IGHJ4*00(200)	IGHM*00(125)	445|453|476|0|8||40.0	32|59|93|12|39||135.0	28|37|68|51|60||45.0		TGTGCGAGTGAGGGATATTGTAGTGGTGGTAGCTGCTACGGGGGTATGGTGGACTACTGG	28	CASEGYCSGGSCYGGMVDYW	:::::::::0:-3:8:12:-1:-3:39:51:-8:60:::
323	1.0	0.004524886877828055	TGTGCGAGTACTTATGGTTCGGGGAGTTATCTCAACTGGTTCGACCCCTGG	IIIIIIIIIIIIIIIIIIIIIIIIIIIIIIIIII9IIIIIIIIIIIIIIII	IGHV4-39*00(300)	IGHD3-10*00(74)	IGHJ5*00(250)	IGHM*00(520)	445|453|476|0|8||40.0	38|56|93|12|30|SA46G|74.0	21|40|71|32|51||95.0		TGTGCGAGTACTTATGGTTCGGGGAGTTATCTCAACTGGTTCGACCCCTGG	24	CASTYGSGSYLNWFDPW	:::::::::0:-3:8:12:-7:-6:30:32:-1:51:::
324	1.0	0.004524886877828055	TGTGCGAGCTATAAGAGTAGTGGTTATATGACGGTAGACTGG	IIIIIIIIIIIIIIIIIIIIIIIIIIIIIIIIIIIIIIIIII	IGHV3-48*00(554)	IGHD3-22*00(63)	IGHJ4*00(180),IGHJ5*00(175)	IGHM*00(135)	442|450|473|0|8||40.0	37|56|93|8|27|SG41AST43G|63.0	32|37|68|37|42||25.0;36|40|71|38|42||20.0		TGTGCGAGCTATAAGAGTAGTGGTTATATGACGGTAGACTGG	40	CASYKSSGYMTVDW	:::::::::0:-3:8:8:-6:-6:27:37:-12:42:::
325	1.0	0.004524886877828055	TGTGCGAGCCAGTATTGTAGTGGTGGTAGTTGCTACGACTACTGG	IIIIIIIIIIIIIIIIIII=IIIIIIIIIIIIIIIIIIIIIIIII	IGHV3-21*00(384),IGHV3-7*00(384)	IGHD2-15*00(104)	IGHJ4*00(200)		442|450|473|0|8||40.0;442|450|473|0|8||40.0	35|59|93|12|36|SC52T|104.0	28|37|68|36|45||45.0		TGTGCGAGCCAGTATTGTAGTGGTGGTAGTTGCTACGACTACTGG	28	CASQYCSGGSCYDYW	:::::::::0:-3:8:12:-4:-3:36:36:-8:45:::
326	1.0	0.004524886877828055	TGTGCGAGCCAACGGTATTTGGACTGGAATTGGTTCGACCCCTGG	IIIIIIIIIIIIIIIIIIIIIIIIIIIIIIIIIIIIIIIIIIIII	IGHV4-39*00(408)	IGHD3-9*00(48)	IGHJ5*00(230)	IGHM*00(255)	445|453|476|0|8||40.0	36|52|93|11|27|SA39GST45G|48.0	25|40|71|30|45||75.0		TGTGCGAGCCAACGGTATTTGGACTGGAATTGGTTCGACCCCTGG	40	CASQRYLDWNWFDPW	:::::::::0:-3:8:11:-5:-10:27:30:-5:45:::
327	1.0	0.004524886877828055	TGTGCGAGCGGGGTACAACTGGAACGACTGAGCTACTACTACTACTACATGGACGTCTGG	=IIIIIIIIIIIIIIIIIIIIIIIIIIIIIIIIIIIIIIIIIIIIIIIIIIIIIIIIIII	IGHV1-69*00(345)	IGHD1-1*00(85)	IGHJ6*00(215)	IGHA1*00(250)	442|450|473|0|8||40.0	17|34|51|11|28||85.0	24|52|83|32|60|SG37TSG38AST39C|92.0		TGTGCGAGCGGGGTACAACTGGAACGACTGAGCTACTACTACTACTACATGGACGTCTGG	28	CASGVQLERLSYYYYYMDVW	:::::::::0:-3:8:11:0:0:28:32:-4:60:::
328	1.0	0.004524886877828055	TGTGCGAGCGGACGGTATTACGATTTTTGGAGTGGTTATTATACTGACTACTACTACGGTATGGACGTCTGG	IIIIIIIIIIIIIIIIIIIIIIIIIIIIIIIIIIIIIIIIIIIIIIIIIIIIIIIIIIIIIIIIIIIIIIII	IGHV1-69*00(480)	IGHD3-3*00(150)	IGHJ6*00(285)	IGHA1*00(40),IGHA2*00(40)	442|450|473|0|8||40.0	31|61|93|14|44||150.0	26|52|83|46|72||130.0	;	TGTGCGAGCGGACGGTATTACGATTTTTGGAGTGGTTATTATACTGACTACTACTACGGTATGGACGTCTGG	40	CASGRYYDFWSGYYTDYYYGMDVW	:::::::::0:-3:8:14:0:-1:44:46:-6:72:::
329	1.0	0.004524886877828055	TGTGCGAGCAGAGGTGGTAAGGCGGAGCAGGAACCTCTTTACTATTATTACTACTACATGGACGTCTGG	IIIIIIIIIIIIIIIIIIIIIIIIIIIIIIIIIIIIIIIIIIIIIIIIIIIIIIIIIIIIIIIIIIIII	IGHV1-46*00(401)	IGHD4-23*00(40),IGHD2-15*00(35)	IGHJ6*00(214)	IGHA1*00(40),IGHA2*00(40)	442|450|473|0|8||40.0	26|34|57|12|20||40.0;44|51|93|12|19||35.0	21|52|83|38|69|SC27TSC30TSG37TSG38AST39C|75.0	;	TGTGCGAGCAGAGGTGGTAAGGCGGAGCAGGAACCTCTTTACTATTATTACTACTACATGGACGTCTGG	40	CASRGGKAEQEPLYYYYYYMDVW	:::::::::0:-3:8:12:-7:-4:20:38:-1:69:::
330	1.0	0.004524886877828055	TGTGCGAGGTCGCCCGACTACGGTGACCCCTACTACTTTGACTACTGG	IIIIIIIIIIIIIIIIIIIIIIIIIIIIIIIIIIIIIIIIIIIIIIII	IGHV1-18*00(122)	IGHD4-17*00(60)	IGHJ4*00(245)		442|450|473|0|8||40.0	17|29|48|15|27||60.0	19|37|68|30|48||90.0		TGTGCGAGGTCGCCCGACTACGGTGACCCCTACTACTTTGACTACTGG	40	CARSPDYGDPYYFDYW	:::::::::0:-3:8:15:-1:-3:27:30:1:48:::
331	1.0	0.004524886877828055	TGTGCGAGGGGGGACTCCGACTACGGTGACTACGCTGTCCCCCCGAACAACTGGTTCGACCCCTGG	IIIIIIIIIIIIIIIIIIIIIIIIIIIIIIIIIIIIIIIIIIIIIIIIIIIIIIIIIIIIIIIIII	IGHV4-31*00(619)	IGHD4-17*00(80)	IGHJ5*00(255)	IGHA1*00(250)	445|453|476|0|8||40.0	17|33|48|18|34||80.0	20|40|71|46|66||100.0		TGTGCGAGGGGGGACTCCGACTACGGTGACTACGCTGTCCCCCCGAACAACTGGTTCGACCCCTGG	40	CARGDSDYGDYAVPPNNWFDPW	:::::::::0:-3:8:18:-1:1:34:46:0:66:::
332	1.0	0.004524886877828055	TGTGCGAGGGGAAACGATGGCTACAATCCCTCCCCCATTTTAGGGTACTACTTTGACTACTGG	IIIIIIIIIIIIIIIIII=IIIIIIIIIIIIIIIIIIIIIIIIIIIIIIIIIIIIIIIIIIII	IGHV4-31*00(140),IGHV4-4*00(140),IGHV4-55*00(140),IGHV4-59*00(140),IGHV4-61*00(140)	IGHD5-24*00(60)	IGHJ4*00(250)	IGHM*00(260)	445|453|476|0|8||40.0;442|450|473|0|8||40.0;442|450|473|0|8||40.0;439|447|470|0|8||40.0;445|453|476|0|8||40.0	25|37|60|15|27||60.0	18|37|68|44|63||95.0		TGTGCGAGGGGAAACGATGGCTACAATCCCTCCCCCATTTTAGGGTACTACTTTGACTACTGG	28	CARGNDGYNPSPILGYYFDYW	:::::::::0:-3:8:15:-5:-3:27:44:2:63:::
333	1.0	0.004524886877828055	TGTGCGAGGAGTAGCTACTACTACGGTATGGACGTCTGG	IIIIIIIIIIIIIIIIIIIIIIIIIIIIIIIIIIIIIII	IGHV1-69*00(844)	IGHD2-15*00(30)	IGHJ6*00(280)	IGHM*00(270)	442|450|473|0|8||40.0	1|7|93|8|14||30.0	27|52|83|14|39||125.0		TGTGCGAGGAGTAGCTACTACTACGGTATGGACGTCTGG	40	CARSSYYYGMDVW	:::::::::0:-3:8:8:30:-55:14:14:-7:39:::
334	1.0	0.004524886877828055	TGTGCGAGGAATTACGATGTTTTGACTGTCTGG	IIIIIIIIIIIIIIIIIIIIIIIIIIIIIIIII	IGHV3-38*00(436)	IGHD3-3*00(40),IGHD3-9*00(40),IGHD5-24*00(35)	IGHJ4*00(146),IGHJ5*00(143)	IGHA1*00(160),IGHA2*00(160)	436|441|467|0|5||25.0	33|41|93|10|18||40.0;33|41|93|10|18||40.0;34|41|60|9|16||35.0	25|37|68|20|33|SA32GI33T|23.0;36|40|71|29|33||20.0	;	TGTGCGAGGAATTACGATGTTTTGACTGTCTGG	40	CARNYDVLTVW	:::::::::0:-6:5:10:-2:-21:18:20:-5:33:::
335	1.0	0.004524886877828055	TGTGCGAGATTTATAGCAGCAGCTGGACAGTACTACTACTACATGGACGTCTGG	IIIIIIII=IIIIIIIIIIIIIIIIIIIIIIIIIIIIIIIIIIIIIIIIIIIII	IGHV4-59*00(632),IGHV4-61*00(632)	IGHD6-13*00(75)	IGHJ6*00(211)	IGHM*00(54)	439|448|470|0|9||45.0;445|454|476|0|9||45.0	24|39|63|11|26||75.0	28|52|83|30|54|SG37TSG38AST39C|72.0		TGTGCGAGATTTATAGCAGCAGCTGGACAGTACTACTACTACATGGACGTCTGG	28	CARFIAAAGQYYYYMDVW	:::::::::0:-2:9:11:-3:-3:26:30:-8:54:::
336	1.0	0.004524886877828055	TGTGCGAGATCAGGGCCCGAAGGTATCTACAACTGGTTCGACCCCTGG	IIIIIIIIIIIIIIIIIIIIIIIIIIIIIIIIIIIIIIIIIIIIIIII	IGHV5-51*00(901)	IGHD3-10*00(30)	IGHJ5*00(260)	IGHM*00(55)	442|451|473|0|9||45.0	44|50|93|9|15||30.0	19|40|71|27|48||105.0		TGTGCGAGATCAGGGCCCGAAGGTATCTACAACTGGTTCGACCCCTGG	40	CARSGPEGIYNWFDPW	:::::::::0:-2:9:9:-13:-12:15:27:1:48:::
337	1.0	0.004524886877828055	TGTGCGAGATGCTATTGTAGTAGTACCACCTGCTATGGAGCCGGGGGGAAAAACTGGTTCGACCCCTGG	IIIIIIIIIIIIIIIIIIIIIIIIIIIIIIIIIIIIIIIIIIIIIIIIIIIIIIIIIIIIIIIIIIIII	IGHV4-59*00(339),IGHV4-61*00(339)	IGHD2-2*00(109)	IGHJ5*00(245)	IGHM*00(70)	439|448|470|0|9||45.0;445|454|476|0|9||45.0	35|60|93|12|37|SG51C|109.0	22|40|71|51|69||90.0		TGTGCGAGATGCTATTGTAGTAGTACCACCTGCTATGGAGCCGGGGGGAAAAACTGGTTCGACCCCTGG	40	CARCYCSSTTCYGAGGKNWFDPW	:::::::::0:-2:9:12:-4:-2:37:51:-2:69:::
338	1.0	0.004524886877828055	TGTGCGAGATATTGTAGTGGTGCCAGCTGCTATTCCCAAAACTGGTTCGACCCCTGG	IIIIIIIIIIIIIIIIIIIIIIIIIIIIIIIIIIIIIIIIIIIIIIIIIIIIIII9I	IGHV4-39*00(542)	IGHD2-2*00(88),IGHD2-15*00(87)	IGHJ5*00(245)	IGHM*00(60)	445|454|476|0|9||45.0	35|59|93|9|33|SA44GSA47G|88.0;35|62|93|9|36|SG48CST49CSC58T|87.0	22|40|71|39|57||90.0		TGTGCGAGATATTGTAGTGGTGCCAGCTGCTATTCCCAAAACTGGTTCGACCCCTGG	24	CARYCSGASCYSQNWFDPW	:::::::::0:-2:9:9:-4:-3:33:39:-2:57:::
339	1.0	0.004524886877828055	TGTGCGAGACTGAGTGGGAAGTGGGTCTGG	IIIIIIIIIIIIIIIIIIIIIIIIIIIIII	IGHV4-39*00(328),IGHV4-4*00(323)	IGHD1-26*00(35),IGHD3-3*00(30)	IGHJ3*00(164)	IGHM*00(255)	445|455|476|0|10||50.0;442|451|473|0|9||45.0	25|32|60|12|19||35.0;46|52|93|11|17||30.0	34|39|70|25|30||25.0		TGTGCGAGACTGAGTGGGAAGTGGGTCTGG	40	CARLSGKWVW	:::::::::0:-1:10:12:-5:-8:19:25:-14:30:::
340	1.0	0.004524886877828055	TGTGCGAGACTATTCTGGAACGACGTTTTTGGGTACTACTACTACGGTATGGACGTCTGG	IIIIIIIIIIIIII9IIIIIIIIIIIIIIIIIIIIIIIII9IIIIIIIIIIIIIIIIIII	IGHV5-51*00(120)	IGHD1-1*00(60),IGHD1-20*00(60)	IGHJ6*00(290)	IGHD*00(925)	442|452|473|0|10||50.0	24|36|51|14|26||60.0;24|36|51|14|26||60.0	25|52|83|33|60||135.0		TGTGCGAGACTATTCTGGAACGACGTTTTTGGGTACTACTACTACGGTATGGACGTCTGG	24	CARLFWNDVFGYYYYGMDVW	:::::::::0:-1:10:14:-7:2:26:33:-5:60:::
341	1.0	0.004524886877828055	TGTGCGAGACCCTTTTGTAGGGGTAGTGACTGCAAGTCCGAGCTTGACAACTGG	IIIIIIIIIIIIIIIIIIIIIIIIIIIIIIIII9IIIIIIIIIIIIIIIIIIII	IGHV3-21*00(222),IGHV3-33*00(222),IGHV3-7*00(222)	IGHD2-15*00(34),IGHD4-11*00(34),IGHD4-4*00(34)	IGHJ4*00(194)	IGHA2*00(750)	442|451|473|0|9||45.0;442|451|473|0|9||45.0;442|451|473|0|9||45.0	37|47|93|14|24|ST43G|34.0;0|10|48|22|32|ST5G|34.0;0|10|48|22|32|ST5G|34.0	26|37|68|43|54|ST31A|39.0		TGTGCGAGACCCTTTTGTAGGGGTAGTGACTGCAAGTCCGAGCTTGACAACTGG	24	CARPFCRGSDCKSELDNW	:::::::::0:-2:9:14:-6:-15:24:43:-6:54:::
342	1.0	0.004524886877828055	TGTGCGAGACCCGACTGTAGGGGTACTGGCTGCCACCTCTTGGAGTATTGG	IIIIIIIIIIIIIIIIIIIIIIIIIIIIIIIIIIIIIIIIII9IIIIIIII	IGHV5-51*00(532)	IGHD2-8*00(35),IGHD4-11*00(35),IGHD4-4*00(35)	IGHJ4*00(156),IGHJ5*00(154)	IGHA2*00(240)	442|452|473|0|10||50.0	39|46|93|22|29||35.0;6|13|48|13|20||35.0;6|13|48|13|20||35.0	24|37|68|38|51|ST27GSC30GSC33T|17.0;37|40|71|48|51||15.0		TGTGCGAGACCCGACTGTAGGGGTACTGGCTGCCACCTCTTGGAGTATTGG	24	CARPDCRGTGCHLLEYW	:::::::::0:-1:10:22:-8:-16:29:38:-4:51:::
343	1.0	0.004524886877828055	TGTGCGAGACCGCGGGGCGGAGGTGGCCTTATTGACTACTGG	IIIIIIIIIIIIIIIIIIIIIIIIIIIIII9IIIIIIIIIII	IGHV4-39*00(120)	IGHD2-15*00(25),IGHD5-12*00(25),IGHD5-18*00(25)	IGHJ4*00(210)	IGHM*00(625)	445|455|476|0|10||50.0	44|49|93|21|26||25.0;32|37|69|22|27||25.0;32|37|69|22|27||25.0	26|37|68|31|42||55.0		TGTGCGAGACCGCGGGGCGGAGGTGGCCTTATTGACTACTGG	24	CARPRGGGGLIDYW	:::::::::0:-1:10:21:-13:-13:26:31:-6:42:::
344	1.0	0.004524886877828055	TGTGCGAGACCGAGAGATGGCTACAATTACGCCTTTGAGTATTGG	IIIIIIIIIIIIIIIIIIIIIIIIIIIIIIIIIIIIIIIIIIIII	IGHV4-59*00(323),IGHV4-61*00(323)	IGHD5-24*00(95)	IGHJ4*00(172)	IGHG1*00(53),IGHG2*00(53),IGHG4*00(53),IGHGP*00(53)	439|448|470|0|9||45.0;445|454|476|0|9||45.0	22|41|60|12|31||95.0	24|37|68|32|45|SC30GSC33T|33.0	;;;	TGTGCGAGACCGAGAGATGGCTACAATTACGCCTTTGAGTATTGG	40	CARPRDGYNYAFEYW	:::::::::0:-2:9:12:-2:1:31:32:-4:45:::
345	1.0	0.004524886877828055	TGTGCGAGACCAGCTATGGATTACTACTACTACTACGGTATGGACGTCTGG	IIIIIIIIIIIIIIIIIIIIIIIIIIIIIIIIIIIIIIIIIIIIIIIIIII	IGHV5-51*00(400)	IGHD5-5*00(45)	IGHJ6*00(315)	IGHM*00(450)	442|452|473|0|10||50.0	27|36|60|10|19||45.0	20|52|83|19|51||160.0		TGTGCGAGACCAGCTATGGATTACTACTACTACTACGGTATGGACGTCTGG	40	CARPAMDYYYYYGMDVW	:::::::::0:-1:10:10:-7:-4:19:19:0:51:::
346	1.0	0.004524886877828055	TGTGCGAGACGTGAAGGTCCTCACTATAATACTAATGGTGAAAAATACTGG	IIIIIIIIIIIIIIIIIIIIIIIIIIIIIIIIIIIIIIIIIIIIIIIII=I	IGHV4-39*00(451)	IGHD3-22*00(38),IGHD1-26*00(35),IGHD5-12*00(35)	IGHJ4*00(135)		445|455|476|0|10||50.0	15|29|93|22|36|SC20ASG24C|38.0;11|18|60|21|28||35.0;11|18|69|21|28||35.0	31|37|68|45|51||30.0		TGTGCGAGACGTGAAGGTCCTCACTATAATACTAATGGTGAAAAATACTGG	28	CARREGPHYNTNGEKYW	:::::::::0:-1:10:22:16:-33:36:45:-11:51:::
347	1.0	0.004524886877828055	TGTGCGAGACGCTTGGCAGCAGCTGGTGCGAAAAACGAATACTTTGACTTTTGG	IIIIIIIIIIIIIIIIIIIIIIIIIIIIIIIIIIIIIIIIIIIIIIIIIIIIII	IGHV4-39*00(211)	IGHD6-13*00(60)	IGHJ4*00(102)	IGHG1*00(135),IGHG2*00(135),IGHG4*00(135),IGHGP*00(135)	445|455|476|0|10||50.0	28|40|63|15|27||60.0	22|37|68|39|54|SA32TSC33T|43.0	;;;	TGTGCGAGACGCTTGGCAGCAGCTGGTGCGAAAAACGAATACTTTGACTTTTGG	40	CARRLAAAGAKNEYFDFW	:::::::::0:-1:10:15:-7:-2:27:39:-2:54:::
348	1.0	0.004524886877828055	TGTGCGAGACGCCCAGGTACAGACGTATTACTATGGTTCGGGGAGTCACCGGGCCCATACTACTACGGTATGGACGTCTGG	IIIIIIIIIIIIIIIIIIIIIIIIIIIIIIIII9IIIII9IIIIIIIIIIIIIIIIIIIIIIIIII9IIIIIIIIIIIIII	IGHV4-39*00(635)	IGHD3-10*00(104)	IGHJ6*00(275)	IGHM*00(255)	445|455|476|0|10||50.0	29|53|93|22|46|SA46G|104.0	28|52|83|57|81||120.0		TGTGCGAGACGCCCAGGTACAGACGTATTACTATGGTTCGGGGAGTCACCGGGCCCATACTACTACGGTATGGACGTCTGG	24	CARRPGTDVLLWFGESPGPYYYGMDVW	:::::::::0:-1:10:22:2:-9:46:57:-8:81:::
349	1.0	0.004524886877828055	TGTGCGAGACGCCATAGAGTGGCTACGATTAGCTGGTTCGACCCCTGG	IIIIIIIIIIIIIIIIIIIIIIIII9IIIIIIIIIIIIIIIIIIIIII	IGHV4-34*00(359)	IGHD5-12*00(74),IGHD5-18*00(74)	IGHJ5*00(235)	IGHM*00(795)	439|452|470|0|13|SG448C|49.0	27|45|69|13|31|ST30G|74.0;27|45|69|13|31|ST30G|74.0	24|40|71|32|48||80.0		TGTGCGAGACGCCATAGAGTGGCTACGATTAGCTGGTTCGACCCCTGG	24	CARRHRVATISWFDPW	:::::::::0:2:13:13:-4:-1:31:32:-4:48:::
350	1.0	0.004524886877828055	TGTGCGAGACGAATGGCTACGGTGGTAACCCCTGGGTACTACTACTACATGGACGTCTGG	IIIIIIIIIIIIIIIIIIIIIIIIIIIIIIIIIIIIIIIIIIIIIIII9IIIIIIIIIII	IGHV1-18*00(115),IGHV1-2*00(115),IGHV1-69*00(115),IGHV3-53*00(115),IGHV4-4*00(115)	IGHD4-23*00(69)	IGHJ6*00(211)	IGHM*00(975)	442|451|473|0|9||45.0;442|451|473|0|9||45.0;442|451|473|0|9||45.0;439|448|470|0|9||45.0;442|451|473|0|9||45.0	18|35|57|12|29|SA21G|69.0	28|52|83|36|60|SG37TSG38AST39C|72.0		TGTGCGAGACGAATGGCTACGGTGGTAACCCCTGGGTACTACTACTACATGGACGTCTGG	24	CARRMATVVTPGYYYYMDVW	:::::::::0:-2:9:12:1:-3:29:36:-8:60:::
351	1.0	0.004524886877828055	TGTGCGAGACATTCTGCGACGACTGGAACTTCGATTTTTGACTACTGG	IIIIIIIIIIIIIIIIIIIIIIIIIIIIIIIIIIIIIIIIIIIIIIII	IGHV4-39*00(338)	IGHD1-7*00(45),IGHD1-1*00(40),IGHD1-20*00(40)	IGHJ4*00(215)	IGHM*00(85)	445|457|476|0|12||60.0	23|32|51|21|30||45.0;23|31|51|21|29||40.0;23|31|51|21|29||40.0	25|37|68|36|48||60.0		TGTGCGAGACATTCTGCGACGACTGGAACTTCGATTTTTGACTACTGG	40	CARHSATTGTSIFDYW	:::::::::0:1:12:21:-6:-2:30:36:-5:48:::
352	1.0	0.004524886877828055	TGTGCGAGACATTGGTGGTCCCACGCTGAATACTTCCAGCACTGG	IIIIIIIIIIIIIIIIIIIIIIIIIIIIIIIIIIII9IIIIIIII	IGHV4-39*00(365)	IGHD2-15*00(35),IGHD2-21*00(35),IGHD2-8*00(35)	IGHJ1*00(265)	IGHM*00(630)	445|457|476|0|12||60.0	43|50|93|12|19||35.0;37|44|84|12|19||35.0;43|50|93|12|19||35.0	19|41|72|23|45||110.0		TGTGCGAGACATTGGTGGTCCCACGCTGAATACTTCCAGCACTGG	24	CARHWWSHAEYFQHW	:::::::::0:1:12:12:-12:-12:19:23:1:45:::
353	1.0	0.004524886877828055	TGTGCGAGACATTGGGGAGATGGCTACAATGACTTTGATGCTTTTGATATCTGG	IIIIIIIII9IIIIIIIIIIIIIIIIIIIIIIIIIIIIIIIIIIIIIIIIIIII	IGHV5-51*00(1049)	IGHD5-24*00(70)	IGHJ3*00(250)	IGHM*00(70)	442|454|473|0|12||60.0	23|37|60|16|30||70.0	20|39|70|35|54||95.0		TGTGCGAGACATTGGGGAGATGGCTACAATGACTTTGATGCTTTTGATATCTGG	24	CARHWGDGYNDFDAFDIW	:::::::::0:1:12:16:-3:-3:30:35:0:54:::
354	1.0	0.004524886877828055	TGTGCGAGACATCTAGGGACCGATTACTATGATAGTAGTGGTTATTGGGATGCTTTTGATATCTGG	IIIIIIIIIIIIIIIIIIIIIII9IIIIIIIIIIIIIIIII9IIIIIIIIIIIIIIIIIIIIIIII	IGHV4-39*00(820)	IGHD3-22*00(120)	IGHJ3*00(245)	IGHM*00(255)	445|457|476|0|12||60.0	33|57|93|22|46||120.0	21|39|70|48|66||90.0		TGTGCGAGACATCTAGGGACCGATTACTATGATAGTAGTGGTTATTGGGATGCTTTTGATATCTGG	24	CARHLGTDYYDSSGYWDAFDIW	:::::::::0:1:12:22:-2:-5:46:48:-1:66:::
355	1.0	0.004524886877828055	TGTGCGAGACATGATTCTTGGAGTGGTTACCACCCGAAATACTACTTTGACTCCTGG	IIIIIIIIIIIIIIIIIIIIIIIIIIIIIIIIIIIIIIIIIIIIIIIIIIIIIIIII	IGHV4-39*00(784)	IGHD3-3*00(64)	IGHJ4*00(229)	IGHM*00(165)	445|458|476|0|13||65.0	39|55|93|13|29|ST42C|64.0	19|37|68|39|57|SA32C|74.0		TGTGCGAGACATGATTCTTGGAGTGGTTACCACCCGAAATACTACTTTGACTCCTGG	40	CARHDSWSGYHPKYYFDSW	:::::::::0:2:13:13:-8:-7:29:39:1:57:::
356	1.0	0.004524886877828055	TGTGCGAGACACCCTCCCCCCGTAGAGGAATACTACTACGGTATGGACGTCTGG	IIIIIIIIIIIIIIIIIIIIIIIIIIIIIIIIIIIIIIIIIIIIIIIIIIIIII	IGHV5-51*00(340)	IGHD3-16*00(35),IGHD5-24*00(35),IGHD4-17*00(30)	IGHJ6*00(275)	IGHM*00(130)	442|453|473|0|11||55.0	13|20|111|13|20||35.0;19|26|60|20|27||35.0;7|13|48|19|25||30.0	28|52|83|30|54||120.0		TGTGCGAGACACCCTCCCCCCGTAGAGGAATACTACTACGGTATGGACGTCTGG	40	CARHPPPVEEYYYGMDVW	:::::::::0:0:11:13:24:-54:20:30:-8:54:::
357	1.0	0.004524886877828055	TGTGCGAGACACATGGGGATTTTTGAGGGTACTTACTCCTACTACTACATGGACGTCTGG	IIIIIIIIIIIIIIIIIIIIIIIIIIIIIIIIIIIIIIIIIIIIIIIIIII9IIIIIIII	IGHV5-51*00(544)	IGHD3-3*00(40),IGHD7-27*00(35)	IGHJ6*00(194)	IGHA1*00(200)	442|453|473|0|11||55.0	38|46|93|17|25||40.0;16|23|33|13|20||35.0	25|52|83|33|60|SA29CSG37TSG38AST39C|71.0		TGTGCGAGACACATGGGGATTTTTGAGGGTACTTACTCCTACTACTACATGGACGTCTGG	24	CARHMGIFEGTYSYYYMDVW	:::::::::0:0:11:17:-7:-16:25:33:-5:60:::
358	1.0	0.004524886877828055	TGTGCGAGACAGCATGACTACAGTAACTACGTGTTGGACTACTGG	IIIIIIIIIIIIIIIIIIIIIIIIIIIIIIIIIIIIIIIIIII9I	IGHV3-64*00(1004)	IGHD4-11*00(100),IGHD4-4*00(100)	IGHJ4*00(200)		442|451|473|0|9||45.0	14|34|48|12|32||100.0;14|34|48|12|32||100.0	28|37|68|36|45||45.0		TGTGCGAGACAGCATGACTACAGTAACTACGTGTTGGACTACTGG	24	CARQHDYSNYVLDYW	:::::::::0:-2:9:12:2:2:32:36:-8:45:::
359	1.0	0.004524886877828055	TGTGCGAGACAGACTAGTGGGAGCTACTGGGGACCGATTGACTACTGG	IIIIIIIIIIIIIIIIIIIIIIIIIIIIIIIIIIIIIIIIIIIIIIII	IGHV5-51*00(280)	IGHD1-26*00(70)	IGHJ4*00(210)	IGHA1*00(180),IGHA2*00(180)	442|453|473|0|11||55.0	24|38|60|14|28||70.0	26|37|68|37|48||55.0	;	TGTGCGAGACAGACTAGTGGGAGCTACTGGGGACCGATTGACTACTGG	40	CARQTSGSYWGPIDYW	:::::::::0:0:11:14:-4:-2:28:37:-6:48:::
360	1.0	0.004524886877828055	TGTGCGAGACAGAGTGGGAGCTACCATTGGACTTTCTGGTTCGACCCCTGG	IIIIIIIIIIIIIIIIIIIIIIIIIIIIIIIIIIIIIIIIIIIIIIIIIII	IGHV4-34*00(515)	IGHD1-26*00(60)	IGHJ5*00(235)	IGHM*00(255)	439|448|470|0|9||45.0	25|37|60|12|24||60.0	24|40|71|35|51||80.0		TGTGCGAGACAGAGTGGGAGCTACCATTGGACTTTCTGGTTCGACCCCTGG	40	CARQSGSYHWTFWFDPW	:::::::::0:-2:9:12:-5:-3:24:35:-4:51:::
361	1.0	0.004524886877828055	TGTGCGAGAGTTGTAAGCGTCCCTTTGGGGGAGTTAATAGGGACCTTTGACTACTGG	IIIIIIIIIIIIIIIIIIIIIIIIIIIIIIIIIIIIIIIIIIIIIIIIIIIIIIIII	IGHV3-71*00(120),IGHV4-31*00(120),IGHV4-4*00(120),IGHV4-59*00(120),IGHV4-61*00(120)	IGHD3-16*00(65)	IGHJ4*00(220)	IGHM*00(255)	448|458|479|0|10||50.0;445|455|476|0|10||50.0;442|452|473|0|10||50.0;439|449|470|0|10||50.0;445|455|476|0|10||50.0	51|64|111|23|36||65.0	24|37|68|44|57||65.0		TGTGCGAGAGTTGTAAGCGTCCCTTTGGGGGAGTTAATAGGGACCTTTGACTACTGG	40	CARVVSVPLGELIGTFDYW	:::::::::0:-1:10:23:-14:-10:36:44:-4:57:::
362	1.0	0.004524886877828055	TGTGCGAGAGTGGCGGTGGCGTACGGTATGGACGTCTGG	IIIIIIIIIIIIIII9IIIIIIIIIIIIIIIIIIIIIII	IGHV3-48*00(1150)	IGHD4-23*00(30)	IGHJ6*00(245)		442|452|473|0|10||50.0	25|31|57|13|19||30.0	34|52|83|21|39||90.0		TGTGCGAGAGTGGCGGTGGCGTACGGTATGGACGTCTGG	24	CARVAVAYGMDVW	:::::::::0:-1:10:13:-6:-7:19:21:-14:39:::
363	1.0	0.004524886877828055	TGTGCGAGAGTGATGGCTACAATTAGTTGGATCGATGACTACTGG	IIIIIIIIIIIIIIIIIIIIIIIIII=IIIIIIIIIIIIIIIIII	IGHV3-21*00(93),IGHV3-30-3*00(93),IGHV3-33*00(93),IGHV3-66*00(93),IGHV3-7*00(93)	IGHD5-24*00(70)	IGHJ4*00(205)	IGHA2*00(148)	442|452|473|0|10||50.0;442|452|473|0|10||50.0;442|452|473|0|10||50.0;439|449|470|0|10||50.0;442|452|473|0|10||50.0	25|39|60|11|25||70.0	27|37|68|35|45||50.0		TGTGCGAGAGTGATGGCTACAATTAGTTGGATCGATGACTACTGG	28	CARVMATISWIDDYW	:::::::::0:-1:10:11:-5:-1:25:35:-7:45:::
364	1.0	0.004524886877828055	TGTGCGAGAGTGAGATATGAGACTAGTGGTTGTCTTGACTACTGG	IIIIIIIIIIIIIIIIIIII=IIIIIIIIIIIIIIIIIIIIIIII	IGHV3-11*00(360)	IGHD3-22*00(48)	IGHJ4*00(210)	IGHM*00(70)	442|452|473|0|10||50.0	38|54|93|15|31|ST43GSG45C|48.0	26|37|68|34|45||55.0		TGTGCGAGAGTGAGATATGAGACTAGTGGTTGTCTTGACTACTGG	28	CARVRYETSGCLDYW	:::::::::0:-1:10:15:-7:-8:31:34:-6:45:::
365	1.0	0.004524886877828055	TGTGCGAGAGTACAAGATTGTAGTGGTGGTAGCTGCTACTCGTACTACTACTACGGTATGGACGTCTGG	IIIII9IIIIIIIII9III9II9IIIIIIIIIIIIIIIIIIIIIIIIIIIIIIIIIIIIIIIIIIIIII	IGHV4-59*00(920)	IGHD2-15*00(125)	IGHJ6*00(290)	IGHM*00(130)	439|449|470|0|10||50.0	36|61|93|16|41||125.0	25|52|83|42|69||135.0		TGTGCGAGAGTACAAGATTGTAGTGGTGGTAGCTGCTACTCGTACTACTACTACGGTATGGACGTCTGG	24	CARVQDCSGGSCYSYYYYGMDVW	:::::::::0:-1:10:16:-5:-1:41:42:-5:69:::
366	1.0	0.004524886877828055	TGTGCGAGAGTAGACGGTGACTACTTTGACTACTGG	IIIIIIIIIIIIIIIIIIIIIIIIIIIIIIIIIIII	IGHV1-69*00(382)	IGHD4-17*00(30),IGHD4-23*00(30)	IGHJ4*00(240)		442|452|473|0|10||50.0	21|27|48|13|19||30.0;24|30|57|13|19||30.0	20|37|68|19|36||85.0		TGTGCGAGAGTAGACGGTGACTACTTTGACTACTGG	40	CARVDGDYFDYW	:::::::::0:-1:10:13:-5:-5:19:19:0:36:::
367	1.0	0.004524886877828055	TGTGCGAGAGTAAACGAAGCAGTGGCTGGTACACTGGGAAGTTCGTGGGACTACGGTATGGACGTCTGG	IIIIIIIIIIIIIIIIIIIIIIIIIIII99IIIIIIIIIIIIIIIIIIIIIIIIIIIIIIIIIIII9II	IGHV5-51*00(1004)	IGHD6-19*00(75)	IGHJ6*00(255)		442|451|473|0|9||45.0	27|42|63|17|32||75.0	32|52|83|49|69||100.0		TGTGCGAGAGTAAACGAAGCAGTGGCTGGTACACTGGGAAGTTCGTGGGACTACGGTATGGACGTCTGG	24	CARVNEAVAGTLGSSWDYGMDVW	:::::::::0:-2:9:17:-6:0:32:49:-12:69:::
368	1.0	0.004524886877828055	TGTGCGAGAGCTATCGTGGATACAGCTATGGCAACATCTTTTGATATCTGG	IIIIIIIIIIIIIIIIIIIIIIIIIIIIIIIIIII9III9II9I9IIIIII	IGHV1-3*00(155)	IGHD5-5*00(85)	IGHJ3*00(225)	IGHM*00(250)	442|452|473|0|10||50.0	19|36|60|14|31||85.0	25|39|70|37|51||70.0		TGTGCGAGAGCTATCGTGGATACAGCTATGGCAACATCTTTTGATATCTGG	24	CARAIVDTAMATSFDIW	:::::::::0:-1:10:14:1:-4:31:37:-5:51:::
369	1.0	0.004524886877828055	TGTGCGAGAGCCCCGCATTCCCATGGAACGTGGCTGGTAGGGACGGACTGGTTCGACCCCTGG	IIIIIIIIIIIIIIIIIIIIIIIIIIIIIIIIIIIIIIIIIIIIIIIIIIIIIIIIIIIIIII	IGHV1-46*00(370)	IGHD6-19*00(50)	IGHJ5*00(240)	IGHM*00(234)	442|452|473|0|10||50.0	31|41|63|29|39||50.0	23|40|71|46|63||85.0		TGTGCGAGAGCCCCGCATTCCCATGGAACGTGGCTGGTAGGGACGGACTGGTTCGACCCCTGG	40	CARAPHSHGTWLVGTDWFDPW	:::::::::0:-1:10:29:-10:-1:39:46:-3:63:::
370	1.0	0.004524886877828055	TGTGCGAGAGCCCCATCCCGACTTACGGTGACTACGTGGTACTACTTTGACTACTGG	IIIIIIIIIIIIIIIIIIIIIIIIIIIIIIIIIIIIIIIIIIIIIIIIIIIIIII=I	IGHV1-69*00(500)	IGHD4-17*00(70)	IGHJ4*00(250)	IGHM*00(60)	442|452|473|0|10||50.0	20|34|48|23|37||70.0	18|37|68|38|57||95.0		TGTGCGAGAGCCCCATCCCGACTTACGGTGACTACGTGGTACTACTTTGACTACTGG	28	CARAPSRLTVTTWYYFDYW	:::::::::0:-1:10:23:-4:2:37:38:2:57:::
371	1.0	0.004524886877828055	TGTGCGAGAGCCGGGGAGGTCTATGATAGTCCTATGGGCGTCTGG	IIIIIIIIIIIIIIIIIIIIIIIIIIIIIIIIIIIIIIIIIIIII	IGHV4-59*00(328),IGHV4-61*00(328)	IGHD3-22*00(50)	IGHJ6*00(204)	IGHM*00(265)	439|449|470|0|10||50.0;445|455|476|0|10||50.0	37|47|93|20|30||50.0	39|52|83|32|45|SA44G|49.0		TGTGCGAGAGCCGGGGAGGTCTATGATAGTCCTATGGGCGTCTGG	40	CARAGEVYDSPMGVW	:::::::::0:-1:10:20:-6:-15:30:32:-19:45:::
372	1.0	0.004524886877828055	TGTGCGAGAGCCAAGCCCGGATACATGTATGGTTATTCCTACTACTACTACTACCTGGACGTCTGG	IIIIIIIIIIIIIIIIIIIIIIIIIIIIIIIIIIIIIIIIIIIIIIIIIIIIIIIIIIIIIIIIII	IGHV3-7*00(696)	IGHD5-5*00(43)	IGHJ6*00(224)	IGHM*00(255)	442|452|473|0|10||50.0	22|37|60|18|33|SG29TSC30G|43.0	19|52|83|33|66|SA23CSG37TSG38AST39CSA40C|85.0		TGTGCGAGAGCCAAGCCCGGATACATGTATGGTTATTCCTACTACTACTACTACCTGGACGTCTGG	40	CARAKPGYMYGYSYYYYYLDVW	:::::::::0:-1:10:18:-2:-3:33:33:1:66:::
373	1.0	0.004524886877828055	TGTGCGAGAGCAAAGTATTACTATGATAGTAGTGGTTATCGGGAGGGACCCCACTACTTTGACTACTGG	IIIIIIIIIIIIIIIIIIIIIIIIIIIIIIIIIIIIIIIIIIIIIIIIIIIIIIIIIIIIIIIIIIIII	IGHV1-69*00(460)	IGHD3-22*00(125)	IGHJ4*00(240)	IGHM*00(130)	442|452|473|0|10||50.0	31|56|93|14|39||125.0	20|37|68|52|69||85.0		TGTGCGAGAGCAAAGTATTACTATGATAGTAGTGGTTATCGGGAGGGACCCCACTACTTTGACTACTGG	40	CARAKYYYDSSGYREGPHYFDYW	:::::::::0:-1:10:14:0:-6:39:52:0:69:::
374	1.0	0.004524886877828055	TGTGCGAGAGGTCAGGTTCGGGATGCCGCCCCGAGGGTCATGGACGTCTGG	IIIIIIIIIIIIIIIIIIIIIIIIIIIIIIIIIIIIIIIIIIIIIIIIIII	IGHV4-59*00(275),IGHV4-61*00(275)	IGHD2-2*00(30)	IGHJ6*00(199)	IGHM*00(220)	439|449|470|0|10||50.0;445|455|476|0|10||50.0	57|63|93|22|28||30.0	40|52|83|39|51||60.0		TGTGCGAGAGGTCAGGTTCGGGATGCCGCCCCGAGGGTCATGGACGTCTGG	40	CARGQVRDAAPRVMDVW	:::::::::0:-1:10:22:-26:1:28:39:-20:51:::
375	1.0	0.004524886877828055	TGTGCGAGAGGTAGTGGTTATTACGACGCGTACTTTGACTACTGG	IIIIIIIIIIIIIIIIIIIIIIIIIIIIIIIIIIIIIIIIIIIII	IGHV1-8*00(135)	IGHD3-22*00(69)	IGHJ4*00(230)	IGHM*00(469)	442|453|473|0|11||55.0	46|63|93|11|28|ST59G|69.0	22|37|68|30|45||75.0		TGTGCGAGAGGTAGTGGTTATTACGACGCGTACTTTGACTACTGG	40	CARGSGYYDAYFDYW	:::::::::0:0:11:11:-15:1:28:30:-2:45:::
376	1.0	0.004524886877828055	TGTGCGAGAGGGTTTGGTCCAGCAGCTGGTCCTGACTACTGG	IIIIIIIIIIII9IIIIIIIIIIIIIIIIIIIIIIIIIIIII	IGHV5-51*00(999)	IGHD6-13*00(55),IGHD2-2*00(50)	IGHJ4*00(205)	IGHM*00(149)	442|451|473|0|9||45.0	29|40|63|19|30||55.0;5|15|93|20|30||50.0	27|37|68|32|42||50.0		TGTGCGAGAGGGTTTGGTCCAGCAGCTGGTCCTGACTACTGG	24	CARGFGPAAGPDYW	:::::::::0:-2:9:19:-8:-2:30:32:-7:42:::
377	1.0	0.004524886877828055	TGTGCGAGAGGGTCTATTGACTACGACTACTACTACGGTATGGACGTCTGG	IIIIIII9I9IIIIIIIIIIIIIIIIIII9IIIIIIIIIIIIIIII9IIII	IGHV4-39*00(1030)	IGHD2-15*00(25),IGHD2-2*00(25),IGHD3-9*00(25)	IGHJ6*00(289)	IGHM*00(105)	445|454|476|0|9||45.0	35|40|93|14|19||25.0;35|40|93|14|19||25.0;44|49|93|16|21||25.0	22|52|83|21|51|ST25G|134.0		TGTGCGAGAGGGTCTATTGACTACGACTACTACTACGGTATGGACGTCTGG	24	CARGSIDYDYYYGMDVW	:::::::::0:-2:9:14:-4:-22:19:21:-2:51:::
378	1.0	0.004524886877828055	TGTGCGAGAGGGCGAGGCCTTCTACATCGGCCCTTTGACTCCTGG	IIIIIIIIIIIII9IIIIIIIIIIIIIIIIIIIIIIIIIIIIIII	IGHV1-69*00(410)	IGHD3-16*00(25),IGHD4-4*00(25),IGHD5-24*00(25)	IGHJ4*00(134)	IGHG1*00(729)	442|452|473|0|10||50.0	47|52|111|22|27||25.0;19|24|48|21|26||25.0;15|20|60|20|25||25.0	24|37|68|32|45|SA32C|49.0		TGTGCGAGAGGGCGAGGCCTTCTACATCGGCCCTTTGACTCCTGG	24	CARGRGLLHRPFDSW	:::::::::0:-1:10:22:-10:-22:27:32:-4:45:::
379	1.0	0.004524886877828055	TGTGCGAGAGGGGCGAACTATGATAGTAGTGGGATCTTTGACTACTGG	IIIIIIIIIIIIIIIIIIIIIIIIIIIIIIIIIIIIIIIIIIII9III	IGHV1-8*00(205),IGHV1-46*00(200),IGHV1-69*00(200)	IGHD3-22*00(80)	IGHJ4*00(220)	IGHM*00(955)	442|453|473|0|11||55.0;442|452|473|0|10||50.0;442|452|473|0|10||50.0	36|52|93|16|32||80.0	24|37|68|35|48||65.0		TGTGCGAGAGGGGCGAACTATGATAGTAGTGGGATCTTTGACTACTGG	24	CARGANYDSSGIFDYW	:::::::::0:0:11:16:-5:-10:32:35:-4:48:::
380	1.0	0.004524886877828055	TGTGCGAGAGGGAGTATAGCAGTGGCTGGTCCGCTCTACTACTTTGACTACTGG	IIIIIIIIIIIIIIIIIIIIIIIIIIIIIIIIIIIIIIIIIIIIIIIIIIIIII	IGHV1-18*00(314)	IGHD6-19*00(85)	IGHJ4*00(245)	IGHM*00(70)	442|452|473|0|10||50.0	23|40|63|13|30||85.0	19|37|68|36|54||90.0		TGTGCGAGAGGGAGTATAGCAGTGGCTGGTCCGCTCTACTACTTTGACTACTGG	40	CARGSIAVAGPLYYFDYW	:::::::::0:-1:10:13:-2:-2:30:36:1:54:::
381	1.0	0.004524886877828055	TGTGCGAGAGGGAGACGAGTACCAGCTGCTATGGGGAACTGGTTCGACCCCTGG	IIIIIIIIIIIIIIIIIIIIIIIIIIIIIIIIIIIIIIIIIIIIIIIIIIIIII	IGHV3-21*00(468),IGHV3-7*00(468)	IGHD2-2*00(80)	IGHJ5*00(245)	IGHM*00(535)	442|452|473|0|10||50.0;442|452|473|0|10||50.0	44|60|93|17|33||80.0	22|40|71|36|54||90.0		TGTGCGAGAGGGAGACGAGTACCAGCTGCTATGGGGAACTGGTTCGACCCCTGG	40	CARGRRVPAAMGNWFDPW	:::::::::0:-1:10:17:-13:-2:33:36:-2:54:::
382	1.0	0.004524886877828055	TGTGCGAGAGGAGGGGGATACAGCTATGGTCCCTTTGACTACTGG	IIIIIIIIIIIIIIIIIIIIIIIIIII99IIIIIIIIIIIIIIII	IGHV1-69*00(920)	IGHD5-5*00(75)	IGHJ4*00(220)	IGHM*00(250)	442|452|473|0|10||50.0	22|37|60|15|30||75.0	24|37|68|32|45||65.0		TGTGCGAGAGGAGGGGGATACAGCTATGGTCCCTTTGACTACTGG	24	CARGGGYSYGPFDYW	:::::::::0:-1:10:15:-2:-3:30:32:-4:45:::
383	1.0	0.004524886877828055	TGTGCGAGAGGAGGACTTGGGGGGATTTTTGGAGTGGTTATTGCAAAAAAGGTCCTTAACTACGGTATGGACGTCTGG	IIIIIIIIIIIIIIIIIIII=IIIIIIIIIIIIIIIIIIIIIIIIIIIIIIIIIIIIIIIIIIIIIIIIIIIIIIIII	IGHV3-48*00(355)	IGHD3-3*00(95)	IGHJ6*00(255)	IGHM*00(250)	442|452|473|0|10||50.0	38|57|93|23|42||95.0	32|52|83|58|78||100.0		TGTGCGAGAGGAGGACTTGGGGGGATTTTTGGAGTGGTTATTGCAAAAAAGGTCCTTAACTACGGTATGGACGTCTGG	28	CARGGLGGIFGVVIAKKVLNYGMDVW	:::::::::0:-1:10:23:-7:-5:42:58:-12:78:::
384	1.0	0.004524886877828055	TGTGCGAGAGATTTTGCGTTTAGCTACTATTACTACATGGACGTCTGG	IIIIIIIIIIII9IIIIIIIIIIIIIIIIIIIIII=IIIIII9IIIII	IGHV4-59*00(620),IGHV4-61*00(620)		IGHJ6*00(184)	IGHM*00(260)	439|451|470|0|12||60.0;445|457|476|0|12||60.0		27|52|83|23|48|SC33TSG37TSG38AST39C|61.0		TGTGCGAGAGATTTTGCGTTTAGCTACTATTACTACATGGACGTCTGG	24	CARDFAFSYYYYMDVW	:::::::::0:1:12:::::23:-7:48:::
385	1.0	0.004524886877828055	TGTGCGAGAGATTCGGGGAGTTATGGGACTCACTACTACTACGGTATGGACGTCTGG	IIIIIIIIIIIIIIIIIIIIIIIIIIIIIIIIIIIIIIIIIIIIIIIIIIIIIIIII	IGHV3-21*00(148),IGHV3-48*00(148),IGHV3-7*00(148)	IGHD3-16*00(50),IGHD3-10*00(45)	IGHJ6*00(189)		442|454|473|0|12||60.0;442|454|473|0|12||60.0;442|454|473|0|12||60.0	55|65|111|14|24||50.0;47|56|93|15|24||45.0	26|52|83|31|57||130.0		TGTGCGAGAGATTCGGGGAGTTATGGGACTCACTACTACTACGGTATGGACGTCTGG	40	CARDSGSYGTHYYYGMDVW	:::::::::0:1:12:14:-18:-9:24:31:-6:57:::
386	1.0	0.004524886877828055	TGTGCGAGAGATTGTAGTAGTACCAGCTGCTATACAAACTGGTTCGACCCCTGG	99IIIIIIIIIIIIIIIIIIIIIIIIIIIIIIIIIIIIIIIIIIIIIIIIIIII	IGHV1-69*00(1075)	IGHD2-2*00(105)	IGHJ5*00(200)		442|454|473|0|12||60.0	38|59|93|12|33||105.0	22|40|71|36|54||90.0		TGTGCGAGAGATTGTAGTAGTACCAGCTGCTATACAAACTGGTTCGACCCCTGG	24	CARDCSSTSCYTNWFDPW	:::::::::0:1:12:12:-7:-3:33:36:-2:54:::
387	1.0	0.004524886877828055	TGTGCGAGAGATTATTTAAATATTGTAGTAGTACCAGCTGCTATGCAGACTACAGTAACTACGTTTCCCCTAGCTTTACTACTACTACTACATGGACGTCTGG	IIIIIIIIII=IIIIIIIIIIIIIIIIIIIIIIIIIIIIIIIIIIIIIIIIIIIIIIIIIIIIIIIIIIIIIIIIIIIIIIIIIIIIIIIIIIIIIIIIIIII	IGHV4-31*00(330)	IGHD2-2*00(135)	IGHJ6*00(226)		445|457|476|0|12||60.0	34|61|93|19|46||135.0	25|52|83|76|103|SG37TSG38AST39C|87.0		TGTGCGAGAGATTATTTAAATATTGTAGTAGTACCAGCTGCTATGCAGACTACAGTAACTACGTTTCCCCTAGCTTTACTACTACTACTACATGGACGTCTGG	28	CARDYLNIVVVPAAMQT_Q*LRFP*LYYYYYMDVW	:::::::::0:1:12:19:-3:-1:46:76:-5:103:::
388	1.0	0.004524886877828055	TGTGCGAGAGATCTTGGCTACGGTGACTACCCGTGGTACTTCGATCTCTGG	IIIIIIIIIIIIIIIIIIIIIIIIIIIIIIIIIIIIIIIIIIIIIIIIIII	IGHV3-21*00(600)	IGHD4-17*00(65)	IGHJ2*00(245)	IGHM*00(120)	442|456|473|0|14||70.0	19|32|48|17|30||65.0	24|42|73|33|51||90.0		TGTGCGAGAGATCTTGGCTACGGTGACTACCCGTGGTACTTCGATCTCTGG	40	CARDLGYGDYPWYFDLW	:::::::::0:3:14:17:-3:0:30:33:-4:51:::
389	1.0	0.004524886877828055	TGTGCGAGAGATCGCGATTACCTTGATGATCGTCGTCAGTACCCTTCCTTTGACTACTGG	IIIIIIII9IIIIIIIIIIIIIIIIIIIIIIIIIIIIIIIIIIIIIIIIIIIIIIIIIII	IGHV3-48*00(290)	IGHD5-12*00(35),IGHD5-18*00(35),IGHD3-16*00(30)	IGHJ4*00(210)	IGHM*00(750)	442|455|473|0|13||65.0	39|46|69|14|21||35.0;39|46|69|14|21||35.0;44|50|111|15|21||30.0	24|37|68|47|60||65.0		TGTGCGAGAGATCGCGATTACCTTGATGATCGTCGTCAGTACCCTTCCTTTGACTACTGG	24	CARDRDYLDDRRQYPSFDYW	:::::::::0:2:13:14:-16:0:21:47:-4:60:::
390	1.0	0.004524886877828055	TGTGCGAGAGATCGCGACTATTGTAGTAGTACCAGCTGCGCCGATGCTTTTGATATCTGG	IIIIIII9IIII9IIIIIIIII9IIIIIIIIIIIIIIIII9IIIIIIIIIIIIIIIIIII	IGHV4-31*00(125),IGHV4-4*00(125),IGHV4-59*00(125),IGHV4-61*00(125),IGHV7-4-1*00(125)	IGHD2-2*00(105)	IGHJ3*00(245)	IGHM*00(500)	445|458|476|0|13||65.0;442|455|473|0|13||65.0;439|452|470|0|13||65.0;445|458|476|0|13||65.0;442|455|473|0|13||65.0	35|56|93|18|39||105.0	21|39|70|42|60||90.0		TGTGCGAGAGATCGCGACTATTGTAGTAGTACCAGCTGCGCCGATGCTTTTGATATCTGG	24	CARDRDYCSSTSCADAFDIW	:::::::::0:2:13:18:-4:-6:39:42:-1:60:::
391	1.0	0.004524886877828055	TGTGCGAGAGATGTTAGTGATAGTAGTGGTCACCCCTATGACTACTGG	IIIIIIIIIIIIIIIIIIIIIIIIIIIIIIIIIIIIIIIIIIIIIIII	IGHV1-69*00(900)	IGHD3-22*00(65)	IGHJ4*00(205)	IGHM*00(265)	442|454|473|0|12||60.0	40|53|93|17|30||65.0	27|37|68|38|48||50.0		TGTGCGAGAGATGTTAGTGATAGTAGTGGTCACCCCTATGACTACTGG	40	CARDVSDSSGHPYDYW	:::::::::0:1:12:17:-9:-9:30:38:-7:48:::
392	1.0	0.004524886877828055	TGTGCGAGAGATGTGTATAGCAGCTCGTCAATCTGGTCCTACATGGACGTCTGG	IIIIIIIIIIIIIIIIIIIIII9IIIIIIIIIIIIIIIIIIIIIIIIIIIIIII	IGHV3-21*00(125),IGHV3-30-3*00(125),IGHV3-33*00(125),IGHV3-66*00(125),IGHV3-7*00(125)	IGHD6-6*00(75)	IGHJ6*00(199)	IGHM*00(260)	442|454|473|0|12||60.0;442|454|473|0|12||60.0;442|454|473|0|12||60.0;439|451|470|0|12||60.0;442|454|473|0|12||60.0	20|35|54|14|29||75.0	40|52|83|42|54||60.0		TGTGCGAGAGATGTGTATAGCAGCTCGTCAATCTGGTCCTACATGGACGTCTGG	24	CARDVYSSSSIWSYMDVW	:::::::::0:1:12:14:-2:-1:29:42:-20:54:::
393	1.0	0.004524886877828055	TGTGCGAGAGATGCGGTGGATGTCACTGGAACTACGCGTATGGAGTTTCGTGACTGG	IIIIIIIIIIIIIIIIIIIIIIIIIIIIIIIIIIIIIIIIIIII9IIIIIIIIIIII	IGHV1-3*00(730)	IGHD1-7*00(60)	IGHJ4*00(180),IGHJ5*00(175)	IGHM*00(130)	442|454|473|0|12||60.0	23|35|51|24|36||60.0	32|37|68|52|57||25.0;36|40|71|53|57||20.0		TGTGCGAGAGATGCGGTGGATGTCACTGGAACTACGCGTATGGAGTTTCGTGACTGG	24	CARDAVDVTGTTRMEFRDW	:::::::::0:1:12:24:-6:1:36:52:-12:57:::
394	1.0	0.004524886877828055	TGTGCGAGAGATGGTTCGGGGATCCACTACTACTACATGGACGTCTGG	IIIIIIIIIIIIIIIIIIIIIIIIIIIIIIIIIIIIIIIIIIIIIIII	IGHV3-21*00(285),IGHV3-33*00(285),IGHV3-7*00(285)	IGHD7-27*00(40),IGHD3-10*00(34)	IGHJ6*00(206)	IGHG1*00(479)	442|454|473|0|12||60.0;442|454|473|0|12||60.0;442|454|473|0|12||60.0	17|25|33|17|25||40.0;41|51|93|12|22|SA46G|34.0	29|52|83|25|48|SG37TSG38AST39C|67.0		TGTGCGAGAGATGGTTCGGGGATCCACTACTACTACATGGACGTCTGG	40	CARDGSGIHYYYMDVW	:::::::::0:1:12:17:-6:3:25:25:-9:48:::
395	1.0	0.004524886877828055	TGTGCGAGAGATGGGACTACAGAAGGGGTGCCGGCCTTGGACTACTGG	IIIIIIIIIIIIIIIIIIIIIIIIIIIIIIIIIIIIIIIIIIIIIIII	IGHV3-21*00(269),IGHV3-33*00(269),IGHV3-7*00(269)	IGHD4-11*00(40),IGHD4-4*00(40),IGHD2-2*00(35)	IGHJ4*00(188)	IGHM*00(500)	442|454|473|0|12||60.0;442|454|473|0|12||60.0;442|454|473|0|12||60.0	17|25|48|14|22||40.0;17|25|48|14|22||40.0;58|65|93|28|35||35.0	24|37|68|35|48|ST27G|49.0		TGTGCGAGAGATGGGACTACAGAAGGGGTGCCGGCCTTGGACTACTGG	40	CARDGTTEGVPALDYW	:::::::::0:1:12:14:-1:-7:22:35:-4:48:::
396	1.0	0.004524886877828055	TGTGCGAGAGATATAGGTGGTAACTCCGACTACTGG	IIIIIIIIIIIIIIIIIIIIIIIIIIIIIIIIIIII	IGHV3-7*00(585)	IGHD4-23*00(60)	IGHJ4*00(200)	IGHM*00(75)	442|454|473|0|12||60.0	26|38|57|15|27||60.0	28|37|68|27|36||45.0		TGTGCGAGAGATATAGGTGGTAACTCCGACTACTGG	40	CARDIGGNSDYW	:::::::::0:1:12:15:-7:0:27:27:-8:36:::
397	1.0	0.004524886877828055	TGTGCGAGAGATACTCCTATAGATTTTTGGAGTGGTTATCCCCCCCGAAGGGAGAACTGGTTCGACCCCTGG	IIIIIIIIIIIIIIIIIIIIIIIIIIIIIIIIIIIIIIIIIIIIIIIIIIIIIIIIIIIIIIIIIIIIII9I	IGHV4-59*00(655),IGHV4-61*00(655)	IGHD3-3*00(90)	IGHJ5*00(245)	IGHM*00(250)	439|451|470|0|12||60.0;445|457|476|0|12||60.0	38|56|93|21|39||90.0	22|40|71|54|72||90.0		TGTGCGAGAGATACTCCTATAGATTTTTGGAGTGGTTATCCCCCCCGAAGGGAGAACTGGTTCGACCCCTGG	24	CARDTPIDFWSGYPPRRENWFDPW	:::::::::0:1:12:21:-7:-6:39:54:-2:72:::
398	1.0	0.004524886877828055	TGTGCGAGAGATACGGTGCAAAATACTCTACTCCTTGGGGACTACTGG	IIIIIIIIIIIIIIIIIIIIIIIIIIIIIIIIIIIIIIIIIIIIIIII	IGHV1-3*00(777)	IGHD2-15*00(35),IGHD3-9*00(35),IGHD6-6*00(30)	IGHJ4*00(184)	IGHA2*00(255)	442|454|473|0|12||60.0	55|62|93|27|34||35.0;15|22|93|18|25||35.0;12|18|54|22|28||30.0	28|37|68|39|48||45.0		TGTGCGAGAGATACGGTGCAAAATACTCTACTCCTTGGGGACTACTGG	40	CARDTVQNTLLLGDYW	:::::::::0:1:12:27:-24:0:34:39:-8:48:::
399	1.0	0.004524886877828055	TGTGCGAGAGACCCAACGGGAGAGAATTACTACGGTATGGACGTCTGG	IIIIIIIIIIIIIIIIIIIIIIIIIIIIIIIIIIIIIIIIIIIIIIII	IGHV3-30-3*00(505)	IGHD1-26*00(25),IGHD3-16*00(25),IGHD5-24*00(25)	IGHJ6*00(260)	IGHM*00(280)	442|453|473|0|11||55.0	28|33|60|17|22||25.0;17|22|111|11|16||25.0;22|27|60|20|25||25.0	31|52|83|27|48||105.0		TGTGCGAGAGACCCAACGGGAGAGAATTACTACGGTATGGACGTCTGG	40	CARDPTGENYYGMDVW	:::::::::0:0:11:17:-8:-7:22:27:-11:48:::
400	1.0	0.004524886877828055	TGTGCGAGAGAGTTAGCGGGGCTACGATTACCGTACAACTGGTTCGACCCCTGG	IIIIIIIIIIIIIIIIIIIIIIIIIIIIIIIIIIIIIIIIIIIIIIIIIIIIII	IGHV4-31*00(90),IGHV4-4*00(90),IGHV4-59*00(90),IGHV4-61*00(90),IGHV7-4-1*00(90)	IGHD5-12*00(60),IGHD5-18*00(60)	IGHJ5*00(265)	IGHM*00(625)	445|456|476|0|11||55.0;442|453|473|0|11||55.0;439|450|470|0|11||55.0;445|456|476|0|11||55.0;442|453|473|0|11||55.0	34|46|69|19|31||60.0;34|46|69|19|31||60.0	18|40|71|32|54||110.0		TGTGCGAGAGAGTTAGCGGGGCTACGATTACCGTACAACTGGTTCGACCCCTGG	40	CARELAGLRLPYNWFDPW	:::::::::0:0:11:19:-11:0:31:32:2:54:::
401	1.0	0.004524886877828055	TGTGCGAGAGAGAGAGAGGGCATTATGGACGTCTGG	IIIIIIIIIIIIIIIIIIIIIIIIIIIIIIIIIIII	IGHV4-59*00(186),IGHV4-61*00(186)	IGHD5-24*00(29),IGHD2-2*00(25)	IGHJ6*00(220)	IGHA1*00(784)	439|450|470|0|11||55.0;445|456|476|0|11||55.0	22|31|60|12|21|ST27G|29.0;0|5|93|18|23||25.0	39|52|83|23|36||65.0		TGTGCGAGAGAGAGAGAGGGCATTATGGACGTCTGG	40	CAREREGIMDVW	:::::::::0:0:11:12:-2:-9:21:23:-19:36:::
402	1.0	0.004524886877828055	TGTGCGAGAGAGAAAATAGAATGGAGATCAAGTTCTGGGTACTACTTTGACTACTGG	IIIIIIIIIIIIIIIIIIIIIIIIIIIIIIIIIIIIIIIIIIIIIIIIIIIIIIIII	IGHV3-11*00(200),IGHV3-53*00(200),IGHV3-71*00(200)	IGHD3-9*00(30)	IGHJ4*00(250)	IGHA1*00(200)	442|453|473|0|11||55.0;439|450|470|0|11||55.0;448|459|479|0|11||55.0	16|22|93|12|18||30.0	18|37|68|38|57||95.0		TGTGCGAGAGAGAAAATAGAATGGAGATCAAGTTCTGGGTACTACTTTGACTACTGG	40	CAREKIEWRSSSGYYFDYW	:::::::::0:0:11:12:15:-40:18:38:2:57:::
403	1.0	0.004524886877828055	TGTGCGAGAGAATCTAGTAGTAGTTATGGTTTGGACGTCTGG	IIIII9IIIIIIIIIIIIIIII9IIIIIIIIIIIIIIIIIII	IGHV3-48*00(402)	IGHD3-22*00(49)	IGHJ6*00(198)	IGHM*00(525)	442|453|473|0|11||55.0	43|56|93|14|27|SG50A|49.0	37|52|83|27|42|SA40T|59.0		TGTGCGAGAGAATCTAGTAGTAGTTATGGTTTGGACGTCTGG	24	CARESSSSYGLDVW	:::::::::0:0:11:14:-12:-6:27:27:-17:42:::
404	1.0	0.004524886877828055	TGTGCGAGAGAATCGATTCGGGGATCCGAAAGGGAATATGGTGCTTTTGATATCTGG	IIIIIIIIIII9IIIIIIIIIIIIIIIIIIIIIIIIIIIIIIIIIIIIIIIII9III	IGHV1-69*00(1060)	IGHD7-27*00(40)	IGHJ3*00(239)		442|453|473|0|11||55.0	17|25|33|19|27||40.0	19|39|70|37|57|SA22G|84.0		TGTGCGAGAGAATCGATTCGGGGATCCGAAAGGGAATATGGTGCTTTTGATATCTGG	24	CARESIRGSEREYGAFDIW	:::::::::0:0:11:19:-6:3:27:37:1:57:::
405	1.0	0.004524886877828055	TGTGCGAGAGAATATTACTATGGTTCGGGACTAACGTTCGACCCCTGG	IIIIIIIIIIIIIIIIIIIIIIIIIIIIIIIIIIIIIIIIIIIIIIII	IGHV3-53*00(680)	IGHD3-10*00(70)	IGHJ5*00(220)	IGHM*00(255)	439|450|470|0|11||55.0	32|46|93|12|26||70.0	27|40|71|35|48||65.0		TGTGCGAGAGAATATTACTATGGTTCGGGACTAACGTTCGACCCCTGG	40	CAREYYYGSGLTFDPW	:::::::::0:0:11:12:-1:-16:26:35:-7:48:::
406	1.0	0.004524886877828055	TGTGCGAGAGAAGACCGCCCGGGGGCTCCTTATGATTACGTTTGGGGGACCCCCGGCAGTGGCTGGTTCGACCCCTGG	IIIIIIIIIIIIIIIIIIIIIIIIIIIIIIIIIIIIIIIIIIIIIIIIIIIIIIIIIIIIIIIIIIIIIIIIIIIIII	IGHV1-46*00(280),IGHV1-69*00(280),IGHV1-8*00(275)	IGHD3-16*00(84)	IGHJ5*00(235)	IGHM*00(130)	442|453|473|0|11||55.0;442|453|473|0|11||55.0;442|452|473|0|10||50.0	40|60|111|29|49|SA50G|84.0	24|40|71|62|78||80.0		TGTGCGAGAGAAGACCGCCCGGGGGCTCCTTATGATTACGTTTGGGGGACCCCCGGCAGTGGCTGGTTCGACCCCTGG	40	CAREDRPGAPYDYVWGTPGSGWFDPW	:::::::::0:0:11:29:-3:-14:49:62:-4:78:::
407	1.0	0.004524886877828055	TGTGCGAGAATGATTACGGTGACTACCTTTGACTACTGG	IIIIIIIIIIIIIIIIIIIIIIIIIIIIIIIII9IIIII	IGHV4-61*00(881)	IGHD4-17*00(69)	IGHJ4*00(220)	IGHA1*00(170),IGHA2*00(170)	445|454|476|0|9||45.0	15|32|48|9|26|SC19T|69.0	24|37|68|26|39||65.0	;	TGTGCGAGAATGATTACGGTGACTACCTTTGACTACTGG	24	CARMITVTTFDYW	:::::::::0:-2:9:9:1:0:26:26:-4:39:::
408	1.0	0.004524886877828055	TGTGCGAGAAGTAGGACTTTTGACTACTGG	IIIIIIIIIIIIIIIIIIIIIIIIIIIIII	IGHV4-59*00(1200)	IGHD1-26*00(25),IGHD2-15*00(25),IGHD2-2*00(25)	IGHJ4*00(170)		439|448|470|0|9||45.0	2|7|60|9|14||25.0;2|7|93|9|14||25.0;30|35|93|11|16||25.0	25|37|68|18|30||60.0		TGTGCGAGAAGTAGGACTTTTGACTACTGG	40	CARSRTFDYW	:::::::::0:-2:9:9:18:-33:14:18:-5:30:::
409	1.0	0.004524886877828055	TGTGCGAATGGAGGAATGCATTGTGGTGGTGACTGCTACCCCTTCTCGTCTGACTACTGG	IIIIIIIIIIIIIIIIIIIIIIIIIIIIIIIIIIIIIIIIIIIIIIIIIII9IIIIIIII	IGHV3-30*00(1025),IGHV3-30-5*00(1025)	IGHD2-21*00(79)	IGHJ4*00(205)	IGHM*00(60)	442|450|473|0|8||40.0;442|450|473|0|8||40.0	33|52|84|19|38|ST46C|79.0	27|37|68|50|60||50.0		TGTGCGAATGGAGGAATGCATTGTGGTGGTGACTGCTACCCCTTCTCGTCTGACTACTGG	24	CANGGMHCGGDCYPFSSDYW	:::::::::0:-3:8:19:-5:-4:38:50:-7:60:::
410	1.0	0.004524886877828055	TGTGCGAACGGCGCTAGCAGTGGCTGGATTGACTACTGG	IIIIIIIIIIIIIIIIIIIIIIIIIIIIIIIIIIIIIII	IGHV1-69-2*00(590)	IGHD6-19*00(65)	IGHJ4*00(210)	IGHM*00(255)	362|367|393|0|5||25.0	26|39|63|14|27||65.0	26|37|68|28|39||55.0		TGTGCGAACGGCGCTAGCAGTGGCTGGATTGACTACTGG	40	CANGASSGWIDYW	:::::::::0:-6:5:14:-5:-3:27:28:-6:39:::
411	1.0	0.004524886877828055	TGTGCGAAGTATGATAGTAGTGGTTACCCCAAATGGGGGGCCCCCCAC	IIIIIIIIIII=IIIIIIIIIIIIIIIIIIIIIIIIIIIIIIIIIIII	IGHV3-23*00(395)	IGHD3-22*00(85)	IGHJ4*00(155),IGHJ5*00(155)	IGHM*00(175)	442|450|473|0|8||40.0	38|55|93|9|26||85.0	37|37|68|48|48||0.0;40|40|71|48|48||0.0		TGTGCGAAGTATGATAGTAGTGGTTACCCCAAATGGGGGGCCCCCCAC	28	CAKYDSSGYPKWGAPH	:::::::::0:-3:8:9:-7:-7:26:48:-17:48:::
412	1.0	0.004524886877828055	TGTGCGAAGGGTAATCCCTATTCTTATAGCAGTGGCTGGTACGGTGACTGCTGG	IIIIIIIIIIIIIIIIIIIIIIIIIIIIIIIIIIIIIIIIIIIIIIIIIIIIII	IGHV3-53*00(414)	IGHD6-19*00(95)	IGHJ4*00(189)	IGHA1*00(255)	439|446|470|0|7||35.0	24|43|63|24|43||95.0	27|37|68|44|54|SA32G|34.0		TGTGCGAAGGGTAATCCCTATTCTTATAGCAGTGGCTGGTACGGTGACTGCTGG	40	CAKGNPYSYSSGWYGDCW	:::::::::0:-4:7:24:-3:1:43:44:-7:54:::
413	1.0	0.004524886877828055	TGTGCGAAAGTTAACGGCTTTGATAGTCACTTCTACATGGACGTCTGG	IIIIIIIIIIIIIIIIIIIIIIIIIIIIIIIIIIIIIIIIIIIIIIII	IGHV3-23*00(291)	IGHD3-22*00(35),IGHD4-17*00(35),IGHD4-4*00(30)	IGHJ6*00(183)	IGHM*00(255)	442|452|473|0|10||50.0	40|47|93|20|27||35.0;1|8|48|23|30||35.0;10|16|48|23|29||30.0	40|52|83|36|48||60.0		TGTGCGAAAGTTAACGGCTTTGATAGTCACTTCTACATGGACGTCTGG	40	CAKVNGFDSHFYMDVW	:::::::::0:-1:10:20:-9:-15:27:36:-20:48:::
414	1.0	0.004524886877828055	TGTGCGAAAGTAGGAAGGGAAGGTTGTAGAACTACCGACTGCTATAGTTGGCTCGACCCCTGG	IIIIIIIIIIIIIIIIIIIIIIIIIIIIIIIIIIIIIIIIIIIIIIIIIIIIIIIIIIIIIII	IGHV1-3*00(823)	IGHD2-2*00(46),IGHD6-19*00(45),IGHD6-6*00(40)	IGHJ5*00(214)	IGHA1*00(50),IGHA2*00(50)	442|449|473|0|7||35.0	37|59|93|23|45|ST43ASG45CSA50GSG51A|46.0;9|18|63|37|46||45.0;7|15|54|38|46||40.0	25|40|71|48|63|ST28C|59.0	;	TGTGCGAAAGTAGGAAGGGAAGGTTGTAGAACTACCGACTGCTATAGTTGGCTCGACCCCTGG	40	CAKVGREGCRTTDCYSWLDPW	:::::::::0:-4:7:23:-6:-3:45:48:-5:63:::
415	1.0	0.004524886877828055	TGTGCGAAAGCCCTTTACATACACTACTACTACGGTATGGACGTCTGG	IIIIIIIIIIIIIIIIIIIIIIIIIIIIIIIIIIIIIIIIIIIIIIII	IGHV3-30*00(355),IGHV3-30-5*00(355)	IGHD3-16*00(30)	IGHJ6*00(285)	IGHM*00(410)	442|452|473|0|10||50.0;442|452|473|0|10||50.0	46|52|111|14|20||30.0	26|52|83|22|48||130.0		TGTGCGAAAGCCCTTTACATACACTACTACTACGGTATGGACGTCTGG	40	CAKALYIHYYYGMDVW	:::::::::0:-1:10:14:-9:-22:20:22:-6:48:::
416	1.0	0.004524886877828055	TGTGCGAAAGCCCTCTTACGATTTTTGGAGTGGTTATCCCTTATGGACGTCTGG	IIIIIIIIIIIIIIIIIIIIIIIIIIIIIIIIIIIIIIII9IIIIIIIIIIIII	IGHV3-23*00(850)	IGHD3-3*00(110)	IGHJ6*00(220)	IGHD*00(275)	442|452|473|0|10||50.0	34|56|93|15|37||110.0	39|52|83|41|54||65.0		TGTGCGAAAGCCCTCTTACGATTTTTGGAGTGGTTATCCCTTATGGACGTCTGG	24	CAKALLRFLEWLSLMDVW	:::::::::0:-1:10:15:-3:-6:37:41:-19:54:::
417	1.0	0.004524886877828055	TGTGCGAAAGCGCTGGGGCTTTACGATATTTTGACTGGTCTACACTACTGG	=IIIIIIIIIIIIIIIIIIIIIIIIIIIIIIII9IIIIIIIIIIIIIIIII	IGHV3-23*00(415)	IGHD3-9*00(95)	IGHJ4*00(195)	IGHM*00(260)	442|452|473|0|10||50.0	34|53|93|20|39||95.0	29|37|68|43|51||40.0		TGTGCGAAAGCGCTGGGGCTTTACGATATTTTGACTGGTCTACACTACTGG	24	CAKALGLYDILTGLHYW	:::::::::0:-1:10:20:-3:-9:39:43:-9:51:::
418	1.0	0.004524886877828055	TGTGCGAAAGGGTATATGGTAGCAGTGCCTGGTACCTTTGACTACTGG	IIIIIIIIIIIIIIIIIIIIIIIIIIIIIIIIIIIIIIIIIIIIIIII	IGHV3-23*00(950)	IGHD6-19*00(64)	IGHJ4*00(220)	IGHM*00(125)	442|452|473|0|10||50.0	26|42|63|19|35|SG34C|64.0	24|37|68|35|48||65.0		TGTGCGAAAGGGTATATGGTAGCAGTGCCTGGTACCTTTGACTACTGG	40	CAKGYMVAVPGTFDYW	:::::::::0:-1:10:19:-5:0:35:35:-4:48:::
419	1.0	0.004524886877828055	TGTGCGAAAGGAGTGGTTATTACTACCCCCGCGGGGTACTTTGACTACTGG	IIIIIIIIIIIIIIIIIIIIIIIIIIIIIIIIII=IIIIIIIIIIIIIIII	IGHV3-23*00(455)	IGHD3-22*00(75)	IGHJ4*00(214)	IGHM*00(260)	442|452|473|0|10||50.0	47|62|93|11|26||75.0	22|37|68|36|51||75.0		TGTGCGAAAGGAGTGGTTATTACTACCCCCGCGGGGTACTTTGACTACTGG	28	CAKGVVITTPAGYFDYW	:::::::::0:-1:10:11:-16:0:26:36:-2:51:::
420	1.0	0.004524886877828055	TGTGCGAAAGGAAGGGCTACGGGGGAATTTGACTACTGG	IIIIIIIIIIIIIIIIIIIIIIIIIIIIIIIIIIIIIII	IGHV3-23*00(580)	IGHD5-12*00(35),IGHD5-18*00(35),IGHD6-25*00(35)	IGHJ4*00(215)	IGHM*00(539)	442|452|473|0|10||50.0	34|41|69|14|21||35.0;34|41|69|14|21||35.0;30|37|54|14|21||35.0	25|37|68|27|39||60.0		TGTGCGAAAGGAAGGGCTACGGGGGAATTTGACTACTGG	40	CAKGRATGEFDYW	:::::::::0:-1:10:14:-11:-5:21:27:-5:39:::
421	1.0	0.004524886877828055	TGTGCGAAAGATTCGGGGGATACAGCTATGGTTAGTTGGCGATTGGTCCAGTTTCTATTTGACTACTGG	IIIIIIIIIIIIIIIIIIIIIIIIIIIIIIIIIIIIIIIIIIIIIIIIIIIIIIIIIIIIIIIIIIIII	IGHV3-30*00(385),IGHV3-30-5*00(385)	IGHD5-5*00(85)	IGHJ4*00(215)	IGHM*00(254)	442|454|473|0|12||60.0;442|454|473|0|12||60.0	22|39|60|17|34||85.0	25|37|68|57|69||60.0		TGTGCGAAAGATTCGGGGGATACAGCTATGGTTAGTTGGCGATTGGTCCAGTTTCTATTTGACTACTGG	40	CAKDSGDTAMVSWRLVQFLFDYW	:::::::::0:1:12:17:-2:-1:34:57:-5:69:::
422	1.0	0.004524886877828055	TGTGCGAAAGATTGGGGGGAATTACGATTTTTGGAGTGGTTCGTTGACTACTGG	IIIIIIIIIIIIIIIIIIIIIIIIIIIIIIIIIIIIIIIIIIIIIIIIIIIIII	IGHV3-23*00(245)	IGHD3-3*00(105)	IGHJ4*00(210)	IGHM*00(575)	442|454|473|0|12||60.0	33|54|93|20|41||105.0	26|37|68|43|54||55.0		TGTGCGAAAGATTGGGGGGAATTACGATTTTTGGAGTGGTTCGTTGACTACTGG	40	CAKDWGELRFLEWFVDYW	:::::::::0:1:12:20:-2:-8:41:43:-6:54:::
423	1.0	0.004524886877828055	TGTGCGAAAGATCGAGTAATCCCCATGCGCCCCCCTACTATGCCACATGACTACTGG	IIIIIIIIIIIIIIIIIIIIIIIIIIIIIIIIIIIIIIIIIII9IIIIIIIIIIIII	IGHV3-23*00(113)	IGHD2-2*00(35),IGHD3-22*00(35),IGHD7-27*00(35)	IGHJ4*00(205)	IGHM*00(255)	442|455|473|0|13||65.0	55|62|93|37|44||35.0;13|20|93|34|41||35.0;21|28|33|18|25||35.0	27|37|68|47|57||50.0		TGTGCGAAAGATCGAGTAATCCCCATGCGCCCCCCTACTATGCCACATGACTACTGG	24	CAKDRVIPMRPPTMPHDYW	:::::::::0:2:13:37:-24:0:44:47:-7:57:::
424	1.0	0.004524886877828055	TGTGCGAAAGATCAGTGTAGTGGTGGTAGCTGCTACTTTGACTACGGTGACGAAAGCGGCGTCGACCCCTGG	IIIIIIIIIIIIIIIIIIIIIIIIIIIIIIIII9IIIIIIIIIIIIIIII9IIIIIIIII9IIIIIIIIIII	IGHV3-23*00(655)	IGHD2-15*00(110)	IGHJ5*00(210)	IGHM*00(255)	442|455|473|0|13||65.0	38|60|93|15|37||110.0	29|40|71|61|72||55.0		TGTGCGAAAGATCAGTGTAGTGGTGGTAGCTGCTACTTTGACTACGGTGACGAAAGCGGCGTCGACCCCTGG	24	CAKDQCSGGSCYFDYGDESGVDPW	:::::::::0:2:13:15:-7:-2:37:61:-9:72:::
425	1.0	0.004524886877828055	TGTGCGAAAGATCAGCGTTTTTGG	IIIIIIIIIIIIIIIIIIIIIIII	IGHV3-23*00(561)		IGHJ4*00(69),IGHJ5*00(69)	IGHM*00(734)	442|455|473|0|13||65.0		34|37|68|21|24||15.0;37|40|71|21|24||15.0		TGTGCGAAAGATCAGCGTTTTTGG	40	CAKDQRFW	:::::::::0:2:13:::::21:-14:24:::
426	1.0	0.004524886877828055	TGTGCGAAAGATGCGGGCTCGGGCGATAGTAGTGGTTATTGCTTTGACTACTGG	IIIIIIIIIIIIIIIIIIIIIIIIIIIIIIIIIIIIIIIIIIIIIIIIIIIIII	IGHV3-23*00(365)	IGHD3-22*00(80)	IGHJ4*00(220)	IGHM*00(320)	442|454|473|0|12||60.0	41|57|93|24|40||80.0	24|37|68|41|54||65.0		TGTGCGAAAGATGCGGGCTCGGGCGATAGTAGTGGTTATTGCTTTGACTACTGG	40	CAKDAGSGDSSGYCFDYW	:::::::::0:1:12:24:-10:-5:40:41:-4:54:::
427	1.0	0.004524886877828055	TGTGCGAAAGATGGGAGAAACAACTGGTTCGACCCCTGG	IIIIIII9IIIIIIIIIIIIIIIIIIIIIIIIIIIIIII	IGHV3-23*00(265)	IGHD1-26*00(25),IGHD3-10*00(25),IGHD3-16*00(25)	IGHJ5*00(255)	IGHM*00(535)	442|454|473|0|12||60.0	28|33|60|12|17||25.0;47|52|93|12|17||25.0;56|61|111|12|17||25.0	20|40|71|19|39||100.0		TGTGCGAAAGATGGGAGAAACAACTGGTTCGACCCCTGG	24	CAKDGRNNWFDPW	:::::::::0:1:12:12:-8:-7:17:19:0:39:::
428	1.0	0.004524886877828055	TGTGCGAAAGATGAGGGGTCCTATGACTACGGTGACTACGACCCCCGGGGTGGCCACTTTGACTACTGG	IIIIIIIIIIIIIIIIIIIIIIIIIIIIIIIIIIIIIIIIIIIIIIIIIIIIIIIIIIIIIIIIIIIII	IGHV3-23*00(140)	IGHD4-17*00(90)	IGHJ4*00(225)	IGHM*00(260)	442|454|473|0|12||60.0	15|33|48|22|40||90.0	23|37|68|55|69||70.0		TGTGCGAAAGATGAGGGGTCCTATGACTACGGTGACTACGACCCCCGGGGTGGCCACTTTGACTACTGG	40	CAKDEGSYDYGDYDPRGGHFDYW	:::::::::0:1:12:22:1:1:40:55:-3:69:::
429	1.0	0.004524886877828055	TGTGCGAAAGACCATAGTGTGAGCCAATACCGACATGACTGCTGG	IIIIIIIIIIIIIIIIIIIIIIIIIIIIIIIIIIIIIIIIIIIII	IGHV3-23*00(297)	IGHD1-26*00(39),IGHD3-10*00(35)	IGHJ4*00(173)	IGHM*00(115)	442|453|473|0|11||55.0	23|34|60|13|24|SG29T|39.0;19|26|93|11|18||35.0	27|37|68|35|45|SA32G|34.0		TGTGCGAAAGACCATAGTGTGAGCCAATACCGACATGACTGCTGG	40	CAKDHSVSQYRHDCW	:::::::::0:0:11:13:-3:-6:24:35:-7:45:::
430	1.0	0.004524886877828055	TGTGCGAAAGACGCCGGCCTGGATTACTATGATAGTAGTGGTTATTGGGACTACTGG	IIIIIIIIIIIIIIIIIIIIIIIIIIIIIIIIIIIIIIIIIIIIII9IIIIIIIIII	IGHV3-23*00(860)	IGHD3-22*00(120)	IGHJ4*00(200)	IGHM*00(255)	442|453|473|0|11||55.0	33|57|93|22|46||120.0	28|37|68|48|57||45.0		TGTGCGAAAGACGCCGGCCTGGATTACTATGATAGTAGTGGTTATTGGGACTACTGG	24	CAKDAGLDYYDSSGYWDYW	:::::::::0:0:11:22:-2:-5:46:48:-8:57:::
431	1.0	0.004524886877828055	TGTGCGAAAAGGCCAGGTATAGCAGCAGCTGGCACCTTTTTTGACTACTGG	IIIIIIIIIIIIIIIIIIIIIIIIIIIIIIIIIIIIIII9IIIIIIIIIII	IGHV3-23*00(825)	IGHD6-13*00(85)	IGHJ4*00(215)	IGHD*00(310)	442|451|473|0|9||45.0	22|39|63|15|32||85.0	25|37|68|39|51||60.0		TGTGCGAAAAGGCCAGGTATAGCAGCAGCTGGCACCTTTTTTGACTACTGG	24	CAKRPGIAAAGTFFDYW	:::::::::0:-2:9:15:-1:-3:32:39:-5:51:::
432	1.0	0.004524886877828055	TGTGCATCTCAGCTCCCACACGGCCGGAGCTACTACTACTACGGTATGGACGTCTGG	IIIIIIIIIIIIIIIIIIIIIIIIIIIIIIIIIIIIIIIIIIIIIIIIIIIIIIIII	IGHV4-34*00(495)	IGHD1-26*00(45)	IGHJ6*00(295)	IGHM*00(250)	439|444|470|0|5||25.0	5|14|60|10|19||45.0	24|52|83|29|57||140.0		TGTGCATCTCAGCTCCCACACGGCCGGAGCTACTACTACTACGGTATGGACGTCTGG	40	CASQLPHGRSYYYYGMDVW	:::::::::0:-6:5:10:15:-26:19:29:-4:57:::
433	1.0	0.004524886877828055	TGTGCACGCATGTTGCAACCCCCGGGCATAGGGTACTACTTCACTATGGACGTCTGG	IIIIIIIIIIIIIIIIIIIIIIIIIIIIIIIIIIIIIIIIIIIIIIIIIIIIIIIII	IGHV2-70*00(413),IGHV2-70D*00(413)	IGHD6-13*00(39),IGHD6-19*00(39),IGHD6-25*00(39)	IGHJ6*00(211)	IGHA1*00(255)	445|453|478|0|8||40.0;421|429|454|0|8||40.0	18|29|63|20|31|ST24C|39.0;18|29|63|20|31|ST24C|39.0;15|26|54|20|31|ST21C|39.0	28|52|83|33|57|SA35TSG37ASG38C|72.0		TGTGCACGCATGTTGCAACCCCCGGGCATAGGGTACTACTTCACTATGGACGTCTGG	40	CARMLQPPGIGYYFTMDVW	:::::::::0:-5:8:20:3:-13:31:33:-8:57:::
434	1.0	0.004524886877828055	TGTGCACGGGACCAAGCGGGGGGGTTCGACCCCTGG	IIIIIIIIIIIIIIIIIIIIIIIIIIIIIIIIIIII	IGHV2-70D*00(1065)	IGHD3-16*00(25),IGHD6-25*00(25)	IGHJ5*00(195)		421|430|454|0|9||45.0	54|59|111|17|22||25.0;27|32|54|14|19||25.0	26|40|71|22|36||70.0		TGTGCACGGGACCAAGCGGGGGGGTTCGACCCCTGG	40	CARDQAGGFDPW	:::::::::0:-4:9:17:-17:-15:22:22:-6:36:::
435	1.0	0.004524886877828055	TGTGCACGGATGTATAGCAGCAGCTGGTACTGGTTCGACCCCTGG	IIIIIIIIIIIIIIIIIIIIIIIIIIIIIIIIIIIIIIIIIII9I	IGHV2-70D*00(610),IGHV2-70*00(594)	IGHD6-13*00(85)	IGHJ5*00(240)	IGHM*00(260)	421|432|454|0|11||55.0;445|456|478|0|11||55.0	23|40|63|11|28||85.0	23|40|71|28|45||85.0		TGTGCACGGATGTATAGCAGCAGCTGGTACTGGTTCGACCCCTGG	24	CARMYSSSWYWFDPW	:::::::::0:-2:11:11:-2:-2:28:28:-3:45:::
436	1.0	0.004524886877828055	TGTGCACGGATGCCCGATTACTACTACTACGGTATGGACGTCTGG	IIIIIIIIIIIIIIIIIIIIIIIIIIIIIII9IIIIIIIIIIIII	IGHV2-70*00(225),IGHV2-70D*00(225)		IGHJ6*00(290)	IGHD*00(475)	445|456|478|0|11||55.0;421|432|454|0|11||55.0		25|52|83|18|45||135.0		TGTGCACGGATGCCCGATTACTACTACTACGGTATGGACGTCTGG	24	CARMPDYYYYGMDVW	:::::::::0:-2:11:::::18:-5:45:::
454	1.0	0.004524886877828055	TGTGCAACAGTGACCCTAGATGCTTTTGATATCTGG	IIIIIIIIIIIIIIIIIIIIIIIIIIIIIIIIIIII	IGHV1-18*00(85),IGHV3-53*00(85),IGHV7-4-1*00(85)	IGHD4-11*00(25),IGHD4-17*00(25),IGHD4-4*00(25)	IGHJ3*00(245)	IGHD*00(1010)	442|447|473|0|5||25.0;439|444|470|0|5||25.0;442|447|473|0|5||25.0	21|26|48|6|11||25.0;24|29|48|9|14||25.0;21|26|48|6|11||25.0	21|39|70|18|36||90.0		TGTGCAACAGTGACCCTAGATGCTTTTGATATCTGG	40	CATVTLDAFDIW	:::::::::0:-6:5:6:-5:-6:11:18:-1:36:::
455	1.0	0.004524886877828055	TGTGCAAGATCTTCTCTGGATGACAGCGGCCGGCAATACATTGAATCCTGG	IIIIIIIIIIIIIIIIIIIIIIIIIIIIIIIIIIIIIIIIIIIIIIIIIII	IGHV1-45*00(684)	IGHD2-2*00(35),IGHD6-25*00(35)	IGHJ4*00(166),IGHJ5*00(164)	IGHA1*00(40),IGHA2*00(40)	442|452|473|0|10||50.0	59|66|93|28|35||35.0;26|33|54|23|30||35.0	22|37|68|36|51|ST25ASC30ASA32C|27.0;35|40|71|46|51||25.0	;	TGTGCAAGATCTTCTCTGGATGACAGCGGCCGGCAATACATTGAATCCTGG	40	CARSSLDDSGRQYIESW	:::::::::0:-1:10:28:-28:4:35:36:-2:51:::
456	1.0	0.004524886877828055	TGTGCAAGAGTCCGAGATGGCTACAACGAAGCGGGGTTCGACCCCTGG	IIIIIIII9IIIII9IIIIIIIIII9IIIIIIIIIIIIIIIIIIIIII	IGHV3-74*00(170)	IGHD5-24*00(65)	IGHJ5*00(225)	IGHM*00(953)	442|452|473|0|10||50.0	23|36|60|13|26||65.0	26|40|71|34|48||70.0		TGTGCAAGAGTCCGAGATGGCTACAACGAAGCGGGGTTCGACCCCTGG	24	CARVRDGYNEAGFDPW	:::::::::0:-1:10:13:-3:-4:26:34:-6:48:::
457	1.0	0.004524886877828055	TGTGCAAGAGTGCTCGGGGCCTACTGGTACTTCGATCTCTGG	IIIIIIIIIIIIIIIIIIIIIIIIIIIIIIIIIIIIIIIIII	IGHV6-1*00(415)	IGHD6-6*00(25)	IGHJ2*00(265)		454|464|485|0|10||50.0	28|33|54|11|16||25.0	20|42|73|20|42||110.0		TGTGCAAGAGTGCTCGGGGCCTACTGGTACTTCGATCTCTGG	40	CARVLGAYWYFDLW	:::::::::0:-1:10:11:-10:-3:16:20:0:42:::
458	1.0	0.004524886877828055	TGTGCAAGAGGTCCTCTGTGTTGCAGTGGCTGGACCGAGACTTTTAACTACTGG	IIIIIIIIII9IIIIIIIIIIIIIIIII9IIIIIIIIIIIIIIIIIIIIIIIII	IGHV3-74*00(964)	IGHD6-19*00(55)	IGHJ4*00(179)	IGHM*00(65)	442|452|473|0|10||50.0	28|39|63|22|33||55.0	25|37|68|42|54|SG28A|44.0		TGTGCAAGAGGTCCTCTGTGTTGCAGTGGCTGGACCGAGACTTTTAACTACTGG	24	CARGPLCCSGWTETFNYW	:::::::::0:-1:10:22:-7:-3:33:42:-5:54:::
459	1.0	0.004524886877828055	TGTGCAAGAGGTATAGCAGTGGCTGGTACTACCCCTTTAAACTACTGG	IIIIIIIIIIIIIIIIIIIIIIIIIIIIIIIIIIIIIIIIIIIIIIII	IGHV3-74*00(344)	IGHD6-19*00(95)	IGHJ4*00(195)	IGHM*00(730)	442|452|473|0|10||50.0	23|42|63|10|29||95.0	29|37|68|40|48||40.0		TGTGCAAGAGGTATAGCAGTGGCTGGTACTACCCCTTTAAACTACTGG	40	CARGIAVAGTTPLNYW	:::::::::0:-1:10:10:-2:0:29:40:-9:48:::
460	1.0	0.004524886877828055	TGTGCAAGAGAGGGGGACATTACGATTTCCTACGGTATGGACGTCTGG	IIIIIIIIIIIIIIIIIIIIIIIIIIIIIIIIIIIIIIIIIIIIIIII	IGHV3-74*00(900)	IGHD3-3*00(50)	IGHJ6*00(250)	IGHM*00(260)	442|453|473|0|11||55.0	33|43|93|18|28||50.0	33|52|83|29|48||95.0		TGTGCAAGAGAGGGGGACATTACGATTTCCTACGGTATGGACGTCTGG	40	CAREGDITISYGMDVW	:::::::::0:0:11:18:-2:-19:28:29:-13:48:::
461	1.0	0.004524886877828055	TGTGCAAAAGCTCCCCATAGCAGCAGCTGGCGGTCGGGTGCTTTTGATATCTGG	IIIIIIIIIIIIIIIIIIIIIIIIII9III9IIIIIIIIIIIIIIIIIIIIIII	IGHV3-9*00(373)	IGHD6-13*00(70)	IGHJ3*00(189)	IGHM*00(419)	442|452|475|0|10||50.0	25|39|63|16|30||70.0	23|39|70|38|54||80.0		TGTGCAAAAGCTCCCCATAGCAGCAGCTGGCGGTCGGGTGCTTTTGATATCTGG	24	CAKAPHSSSWRSGAFDIW	:::::::::0:-3:10:16:-4:-3:30:38:-3:54:::
462	1.0	0.004524886877828055	TGTGCAAAAGGATCCCATGATAGCAGTGTTTACCGTTACTTTGGCCACTGG	IIIIIIIIIIIIIIIIIIIIIIIIIIIIIIIIIIIIIIIIIIIIIIIII9I	IGHV3-43*00(566)	IGHD3-22*00(48),IGHD6-19*00(45)	IGHJ4*00(166)	IGHA1*00(210)	442|452|475|0|10||50.0	39|55|93|16|32|ST46CSG51T|48.0;25|34|63|19|28||45.0	22|37|68|36|51|SA29GST31C|43.0		TGTGCAAAAGGATCCCATGATAGCAGTGTTTACCGTTACTTTGGCCACTGG	24	CAKGSHDSSVYRYFGHW	:::::::::0:-3:10:16:-8:-7:32:36:-2:51:::
463	1.0	0.004524886877828055	TGTGCAAAAGATCACTATGGTTCGGGGAGTTATGCAGGGGATCCCCTCCACCCCTGG	IIIIIIIIIIIIIIIIIIIIIIIIIIIIIIIIIIIIIIIIIIIIIIIIIIIIIIIII	IGHV3-9*00(873)	IGHD3-10*00(84)	IGHJ5*00(195)	IGHA1*00(215)	442|454|475|0|12||60.0	36|56|93|13|33|SA46G|84.0	32|40|71|49|57||40.0		TGTGCAAAAGATCACTATGGTTCGGGGAGTTATGCAGGGGATCCCCTCCACCCCTGG	40	CAKDHYGSGSYAGDPLHPW	:::::::::0:-1:12:13:-5:-6:33:49:-12:57:::
467	1.0	0.004524886877828055	TGTGAGGCGACTTCCTATGTTTATGGTCTTAACTCCTGG	IIIIIIIIIIIIIIIIIIIIIIIIIIIIIIIIIIIII9I	IGHV4-39*00(291)	IGHD3-10*00(30),IGHD5-5*00(30)	IGHJ5*00(164),IGHJ4*00(163)	IGHG2*00(484),IGHG4*00(484)	445|449|476|0|4||20.0	38|44|93|21|27||30.0;31|37|60|21|27||30.0	35|40|71|34|39||25.0;29|37|68|31|39|SA32C|24.0	;	TGTGAGGCGACTTCCTATGTTTATGGTCTTAACTCCTGG	24	CEATSYVYGLNSW	:::::::::0:-7:4:21:-7:-18:27:34:-15:39:::
470	1.0	0.004524886877828055	TGTACTAGAGATCGTATACCAGCAGCTGTTGAATGGTTCGACCCCTGG	IIIIIIIIIIIIIIIIIIIIIIIIIIIIIIIIIIIIIIIIIIIIIIII	IGHV3-49*00(221)	IGHD6-13*00(59)	IGHJ5*00(166)		448|461|479|0|13||65.0	23|38|63|13|28|SG28C|59.0	25|40|71|33|48||75.0		TGTACTAGAGATCGTATACCAGCAGCTGTTGAATGGTTCGACCCCTGG	40	CTRDRIPAAVEWFDPW	:::::::::0:2:13:13:-2:-4:28:33:-5:48:::
471	1.0	0.004524886877828055	TGTACTAGAAATTTTGACTACTCACTTACCTTTGACTCCTGG	IIIIIIIIIIIIIIII=IIIII9IIIIIIIIIIIIIIIII=I	IGHV3-73*00(195)	IGHD3-9*00(45)	IGHJ4*00(204)	IGHA2*00(239)	448|457|479|0|9||45.0	41|50|93|10|19||45.0	24|37|68|29|42|SA32C|49.0		TGTACTAGAAATTTTGACTACTCACTTACCTTTGACTCCTGG	24	CTRNFDYSLTFDSW	:::::::::0:-2:9:10:-10:-12:19:29:-4:42:::
472	1.0	0.004524886877828055	TGTACCCCAGATACTGTAGTAGTACCAGCTGCTATTCCGAATGACAACTGG	IIIIIIIIIIIIIIIIIIIIIIIIIIIIIIIIIIIIIIIIIIIIIIIIIII	IGHV3-15*00(152)	IGHD2-2*00(74)	IGHJ4*00(189)		448|468|479|0|21|SA454CI460ASG464A|47.0	45|63|93|21|39|SG59T|74.0	27|37|68|41|51|ST31A|34.0		TGTACCCCAGATACTGTAGTAGTACCAGCTGCTATTCCGAATGACAACTGG	40	CTPDTVVVPAAIPNDNW	:::::::::0:9:21:21:-14:1:39:41:-7:51:::
473	1.0	0.004524886877828055	TGTACCGCGGGTTGTGTAAAGGATCCGGAACGCAGGTGCTACTACTACGGTTTGGACGTCTGG	IIIIIIIIIIIIIIIIIIIIIIIIIIIIIIIIIIIIIIIIIIIIIIIIIIIIIIIIIIIIIII	IGHV3-15*00(512)	IGHD1-14*00(35),IGHD2-21*00(35),IGHD6-6*00(30)	IGHJ6*00(264)	IGHA1*00(50),IGHA2*00(50)	448|454|479|0|6||30.0	24|31|51|24|31||35.0;53|60|84|23|30||35.0;33|39|54|23|29||30.0	27|52|83|38|63|SA40T|109.0	;	TGTACCGCGGGTTGTGTAAAGGATCCGGAACGCAGGTGCTACTACTACGGTTTGGACGTCTGG	40	CTAGCVKDPERRCYYYGLDVW	:::::::::0:-5:6:24:-7:-3:31:38:-7:63:::
474	1.0	0.004524886877828055	TGTACCATACTCCCTATTGTAGTAGTACCAGCTACTATGGGGGGGGACTACTGG	IIIIIIIIIIIII=IIIIIIIIIIIIIIIIIIIIIIIIIIIIIIIIIIIIIIII	IGHV3-15*00(244)	IGHD2-2*00(109)	IGHJ4*00(200)		448|455|479|0|7||35.0	35|60|93|14|39|SG54A|109.0	28|37|68|45|54||45.0		TGTACCATACTCCCTATTGTAGTAGTACCAGCTACTATGGGGGGGGACTACTGG	28	CTILPIVVVPATMGGDYW	:::::::::0:-4:7:14:-4:-2:39:45:-8:54:::
475	1.0	0.004524886877828055	TGTACCACACTGGGTGGGAATTACTACTCCCCCGACTACTGG	IIIIIIIIIIIIIIIIIIII9IIIIIIIIIIIIIIIIIIIII	IGHV3-15*00(944)	IGHD3-16*00(40),IGHD3-22*00(40),IGHD1-26*00(38)	IGHJ4*00(200)	IGHG1*00(140),IGHG2*00(140),IGHG4*00(140),IGHGP*00(140)	448|457|479|0|9||45.0	12|20|111|25|33||40.0;54|62|93|19|27||40.0;26|40|60|13|27|SG32ASC33T|38.0	28|37|68|33|42||45.0	;;;	TGTACCACACTGGGTGGGAATTACTACTCCCCCGACTACTGG	24	CTTLGGNYYSPDYW	:::::::::0:-2:9:25:25:-54:33:33:-8:42:::
476	1.0	0.004524886877828055	TGTACCACAGTCTCAGAGATTAAGTATTACTATGATAGCGGTGCCGGCGCTTTTGATATCTGG	IIIIIIIIIIIIIIIIIIIIIIIIIIIIIIIIIIIIIIIIIIIIIIIIIIIIIIIIIIIIIII	IGHV3-15*00(740)	IGHD3-22*00(75)	IGHJ3*00(230)	IGHM*00(260)	448|458|479|0|10||50.0	31|46|93|23|38||75.0	24|39|70|48|63||75.0		TGTACCACAGTCTCAGAGATTAAGTATTACTATGATAGCGGTGCCGGCGCTTTTGATATCTGG	40	CTTVSEIKYYYDSGAGAFDIW	:::::::::0:-1:10:23:0:-16:38:48:-4:63:::
477	1.0	0.004524886877828055	TGTACCACAGATCACCACTTAGGGTTCTACTACTACTACGGTATGGACGTCTGG	IIIIIIIIIIIIIIIIIIIIIIIIIIIIIIIIIIIIIIIIIIIIIIIIIIIIII	IGHV3-15*00(545)	IGHD2-15*00(30),IGHD3-22*00(30),IGHD3-3*00(30)	IGHJ6*00(295)	IGHD*00(235)	448|461|479|0|13||65.0	15|21|93|13|19||30.0;9|15|93|13|19||30.0;9|15|93|13|19||30.0	24|52|83|26|54||140.0		TGTACCACAGATCACCACTTAGGGTTCTACTACTACTACGGTATGGACGTCTGG	40	CTTDHHLGFYYYYGMDVW	:::::::::0:2:13:13:16:-41:19:26:-4:54:::
478	1.0	0.004524886877828055	TGTACCACAACTCACGATTTTTGGAGTGGTTATTCCCGGTACAACTGGTTCGACCCCTGG	IIIIIIIIIIIIIIIIIIIIIIIIIIIIIIIIIIIIIIIIIIIIIIIIIIIIIIIIIIII	IGHV3-15*00(395)	IGHD3-3*00(105)	IGHJ5*00(265)	IGHM*00(255)	448|457|479|0|9||45.0	36|57|93|13|34||105.0	18|40|71|38|60||110.0		TGTACCACAACTCACGATTTTTGGAGTGGTTATTCCCGGTACAACTGGTTCGACCCCTGG	40	CTTTHDFWSGYSRYNWFDPW	:::::::::0:-2:9:13:-5:-5:34:38:2:60:::
479	1.0	0.004524886877828055	TGTACGAGATCATATTGTAGTGGGGGCCTGTGCCACGGATTGTTTGACTACTGG	IIII=I=IIIIIII9IIII9IIIIIIIIIIIIIIIIIIIIIIIIIIIII=IIII	IGHV3-21*00(365),IGHV3-7*00(365)	IGHD2-15*00(60)	IGHJ4*00(215)		442|451|473|0|9|SG445A|29.0;442|451|473|0|9|SG445A|29.0	34|46|93|11|23||60.0	25|37|68|42|54||60.0		TGTACGAGATCATATTGTAGTGGGGGCCTGTGCCACGGATTGTTTGACTACTGG	24	CTRSYCSGGLCHGLFDYW	:::::::::0:-2:9:11:-3:-16:23:42:-5:54:::
480	1.0	0.004524886877828055	TGTACGAGACGAGAGTGGGGAACTATGGGTGACGTCTGG	IIIIIIIIIIIIIIIIIIIIIIIIIIIIIIIIIIIIIII	IGHV4-55*00(419),IGHV4-39*00(408)	IGHD1-7*00(35),IGHD3-10*00(35),IGHD5-5*00(30)	IGHJ6*00(168)	IGHA1*00(230)	442|451|473|0|9|SG445A|29.0;445|455|476|0|10|SG448A|34.0	26|33|51|18|25||35.0;36|43|93|21|28||35.0;30|36|60|22|28||30.0	43|52|83|30|39||45.0		TGTACGAGACGAGAGTGGGGAACTATGGGTGACGTCTGG	40	CTRREWGTMGDVW	:::::::::0:-2:9:18:-9:-1:25:30:-23:39:::
481	1.0	0.004524886877828055	TGTACGAAGGATGTATTCGATGGCTCAAGATATTATTTTACGTCCGACTCCTGG	IIIIIIIIIIIIIIIIIIIIIIIIIIIIIIIIIIIIIIIIIIIIIIIIIIIIII	IGHV3-23*00(455)	IGHD5-24*00(35),IGHD5-12*00(30),IGHD5-5*00(30)	IGHJ5*00(189),IGHJ4*00(184)		442|454|473|0|12|SG445ASA450G|28.0	25|32|60|18|25||35.0;42|48|69|37|43||30.0;36|42|60|37|43||30.0	30|40|71|44|54|SC34T|34.0;28|37|68|45|54|SA32C|29.0		TGTACGAAGGATGTATTCGATGGCTCAAGATATTATTTTACGTCCGACTCCTGG	40	CTKDVFDGSRYYFTSDSW	:::::::::0:1:12:18:-5:-8:25:44:-10:54:::
557	1.0	0.004524886877828055	TGCGCGAGATGCATTTCGGGATCTACTCCCTACTTTGACTCCTGG	IIIIIIIIIIIIIIIIIIIIIIIIII=IIIIIIIIIIIIIIIIII	IGHV5-51*00(190)	IGHD2-15*00(35),IGHD1-26*00(34),IGHD7-27*00(30)	IGHJ4*00(219)	IGHA1*00(360)	442|451|473|0|9|ST444C|29.0	55|62|93|22|29||35.0;28|38|60|17|27|SG32T|34.0;18|24|33|17|23||30.0	21|37|68|29|45|SA32C|64.0		TGCGCGAGATGCATTTCGGGATCTACTCCCTACTTTGACTCCTGG	28	CARCISGSTPYFDSW	:::::::::0:-2:9:22:-24:0:29:29:-1:45:::
558	1.0	0.004524886877828055	TGCGCGAGATATTACTGTGTTGGTGATTGCTATTGGAGGGGACCATTTGACTCCTGG	IIIIIIIIIIIIIIIIIIIIIIIIIIIIIIIIIIIIIIIIIIIIIIIIIIIIIIIII	IGHV1-68*00(94)	IGHD2-21*00(79)	IGHJ4*00(183)	IGHM*00(250)	441|452|511|0|11|SG443CSA446G|23.0	35|54|84|15|34|SG39T|79.0	25|37|68|45|57|SA32C|44.0		TGCGCGAGATATTACTGTGTTGGTGATTGCTATTGGAGGGGACCATTTGACTCCTGG	40	CARYYCVGDCYWRGPFDSW	:::::::::0:-39:11:15:-7:-2:34:45:-5:57:::
629	1.0	0.004524886877828055	TATGCAAGACAACGAGATAGCAGTGGCTGGTACGGGGGGGAATACTTTGACTACTGG	IIIIIIIIIIIIIIIIIIIIII9IIIIIIIIIIIIIIIIIIIIIIIIIIIIIIIIII	IGHV1-24*00(177),IGHV1-69-2*00(177)	IGHD6-19*00(90)	IGHJ4*00(230)	IGHM*00(720)	442|449|473|0|7|SG443A|19.0;362|369|393|0|7|SG363A|19.0	25|43|63|16|34||90.0	22|37|68|42|57||75.0		TATGCAAGACAACGAGATAGCAGTGGCTGGTACGGGGGGGAATACTTTGACTACTGG	24	YARQRDSSGWYGGEYFDYW	:::::::::0:-4:7:16:-4:1:34:42:-2:57:::
